path,label,is_test
./archive/data/train/benign/100.jpg,0,False
./archive/data/train/benign/1000.jpg,0,False
./archive/data/train/benign/1001.jpg,0,False
./archive/data/train/benign/1002.jpg,0,False
./archive/data/train/benign/1004.jpg,0,False
./archive/data/train/benign/1005.jpg,0,False
./archive/data/train/benign/1007.jpg,0,False
./archive/data/train/benign/1008.jpg,0,False
./archive/data/train/benign/1009.jpg,0,False
./archive/data/train/benign/101.jpg,0,False
./archive/data/train/benign/1010.jpg,0,False
./archive/data/train/benign/1011.jpg,0,False
./archive/data/train/benign/1012.jpg,0,False
./archive/data/train/benign/1014.jpg,0,False
./archive/data/train/benign/1015.jpg,0,False
./archive/data/train/benign/1016.jpg,0,False
./archive/data/train/benign/1017.jpg,0,False
./archive/data/train/benign/102.jpg,0,False
./archive/data/train/benign/1020.jpg,0,False
./archive/data/train/benign/1021.jpg,0,False
./archive/data/train/benign/1022.jpg,0,False
./archive/data/train/benign/1024.jpg,0,False
./archive/data/train/benign/1026.jpg,0,False
./archive/data/train/benign/1027.jpg,0,False
./archive/data/train/benign/1028.jpg,0,False
./archive/data/train/benign/103.jpg,0,False
./archive/data/train/benign/1030.jpg,0,False
./archive/data/train/benign/1031.jpg,0,False
./archive/data/train/benign/1032.jpg,0,False
./archive/data/train/benign/1035.jpg,0,False
./archive/data/train/benign/1036.jpg,0,False
./archive/data/train/benign/1037.jpg,0,False
./archive/data/train/benign/1038.jpg,0,False
./archive/data/train/benign/1039.jpg,0,False
./archive/data/train/benign/104.jpg,0,False
./archive/data/train/benign/1040.jpg,0,False
./archive/data/train/benign/1041.jpg,0,False
./archive/data/train/benign/1043.jpg,0,False
./archive/data/train/benign/1045.jpg,0,False
./archive/data/train/benign/1046.jpg,0,False
./archive/data/train/benign/1047.jpg,0,False
./archive/data/train/benign/1048.jpg,0,False
./archive/data/train/benign/1049.jpg,0,False
./archive/data/train/benign/1050.jpg,0,False
./archive/data/train/benign/1051.jpg,0,False
./archive/data/train/benign/1052.jpg,0,False
./archive/data/train/benign/1053.jpg,0,False
./archive/data/train/benign/1054.jpg,0,False
./archive/data/train/benign/1056.jpg,0,False
./archive/data/train/benign/1057.jpg,0,False
./archive/data/train/benign/1058.jpg,0,False
./archive/data/train/benign/1059.jpg,0,False
./archive/data/train/benign/106.jpg,0,False
./archive/data/train/benign/1060.jpg,0,False
./archive/data/train/benign/1062.jpg,0,False
./archive/data/train/benign/1063.jpg,0,False
./archive/data/train/benign/1064.jpg,0,False
./archive/data/train/benign/1065.jpg,0,False
./archive/data/train/benign/1066.jpg,0,False
./archive/data/train/benign/1067.jpg,0,False
./archive/data/train/benign/1068.jpg,0,False
./archive/data/train/benign/1069.jpg,0,False
./archive/data/train/benign/107.jpg,0,False
./archive/data/train/benign/1071.jpg,0,False
./archive/data/train/benign/1072.jpg,0,False
./archive/data/train/benign/1073.jpg,0,False
./archive/data/train/benign/1075.jpg,0,False
./archive/data/train/benign/1076.jpg,0,False
./archive/data/train/benign/1078.jpg,0,False
./archive/data/train/benign/1079.jpg,0,False
./archive/data/train/benign/108.jpg,0,False
./archive/data/train/benign/1081.jpg,0,False
./archive/data/train/benign/1082.jpg,0,False
./archive/data/train/benign/1083.jpg,0,False
./archive/data/train/benign/1084.jpg,0,False
./archive/data/train/benign/1085.jpg,0,False
./archive/data/train/benign/1086.jpg,0,False
./archive/data/train/benign/1089.jpg,0,False
./archive/data/train/benign/109.jpg,0,False
./archive/data/train/benign/1090.jpg,0,False
./archive/data/train/benign/1091.jpg,0,False
./archive/data/train/benign/1093.jpg,0,False
./archive/data/train/benign/1094.jpg,0,False
./archive/data/train/benign/1095.jpg,0,False
./archive/data/train/benign/1096.jpg,0,False
./archive/data/train/benign/1097.jpg,0,False
./archive/data/train/benign/1098.jpg,0,False
./archive/data/train/benign/1099.jpg,0,False
./archive/data/train/benign/110.jpg,0,False
./archive/data/train/benign/1100.jpg,0,False
./archive/data/train/benign/1101.jpg,0,False
./archive/data/train/benign/1102.jpg,0,False
./archive/data/train/benign/1103.jpg,0,False
./archive/data/train/benign/1104.jpg,0,False
./archive/data/train/benign/1105.jpg,0,False
./archive/data/train/benign/1106.jpg,0,False
./archive/data/train/benign/1107.jpg,0,False
./archive/data/train/benign/1108.jpg,0,False
./archive/data/train/benign/1109.jpg,0,False
./archive/data/train/benign/111.jpg,0,False
./archive/data/train/benign/1111.jpg,0,False
./archive/data/train/benign/1113.jpg,0,False
./archive/data/train/benign/1114.jpg,0,False
./archive/data/train/benign/1116.jpg,0,False
./archive/data/train/benign/1117.jpg,0,False
./archive/data/train/benign/1119.jpg,0,False
./archive/data/train/benign/112.jpg,0,False
./archive/data/train/benign/1120.jpg,0,False
./archive/data/train/benign/1121.jpg,0,False
./archive/data/train/benign/1122.jpg,0,False
./archive/data/train/benign/1123.jpg,0,False
./archive/data/train/benign/1124.jpg,0,False
./archive/data/train/benign/1127.jpg,0,False
./archive/data/train/benign/1128.jpg,0,False
./archive/data/train/benign/1129.jpg,0,False
./archive/data/train/benign/113.jpg,0,False
./archive/data/train/benign/1131.jpg,0,False
./archive/data/train/benign/1132.jpg,0,False
./archive/data/train/benign/1133.jpg,0,False
./archive/data/train/benign/1136.jpg,0,False
./archive/data/train/benign/1137.jpg,0,False
./archive/data/train/benign/1138.jpg,0,False
./archive/data/train/benign/114.jpg,0,False
./archive/data/train/benign/1140.jpg,0,False
./archive/data/train/benign/1141.jpg,0,False
./archive/data/train/benign/1142.jpg,0,False
./archive/data/train/benign/1144.jpg,0,False
./archive/data/train/benign/1145.jpg,0,False
./archive/data/train/benign/1147.jpg,0,False
./archive/data/train/benign/1148.jpg,0,False
./archive/data/train/benign/1149.jpg,0,False
./archive/data/train/benign/115.jpg,0,False
./archive/data/train/benign/1150.jpg,0,False
./archive/data/train/benign/1152.jpg,0,False
./archive/data/train/benign/1153.jpg,0,False
./archive/data/train/benign/1154.jpg,0,False
./archive/data/train/benign/1156.jpg,0,False
./archive/data/train/benign/1157.jpg,0,False
./archive/data/train/benign/1158.jpg,0,False
./archive/data/train/benign/1159.jpg,0,False
./archive/data/train/benign/116.jpg,0,False
./archive/data/train/benign/1160.jpg,0,False
./archive/data/train/benign/1161.jpg,0,False
./archive/data/train/benign/1162.jpg,0,False
./archive/data/train/benign/1163.jpg,0,False
./archive/data/train/benign/1164.jpg,0,False
./archive/data/train/benign/1165.jpg,0,False
./archive/data/train/benign/1167.jpg,0,False
./archive/data/train/benign/1168.jpg,0,False
./archive/data/train/benign/1169.jpg,0,False
./archive/data/train/benign/117.jpg,0,False
./archive/data/train/benign/1171.jpg,0,False
./archive/data/train/benign/1172.jpg,0,False
./archive/data/train/benign/1174.jpg,0,False
./archive/data/train/benign/1175.jpg,0,False
./archive/data/train/benign/1176.jpg,0,False
./archive/data/train/benign/1178.jpg,0,False
./archive/data/train/benign/1179.jpg,0,False
./archive/data/train/benign/118.jpg,0,False
./archive/data/train/benign/1181.jpg,0,False
./archive/data/train/benign/1182.jpg,0,False
./archive/data/train/benign/1184.jpg,0,False
./archive/data/train/benign/1185.jpg,0,False
./archive/data/train/benign/1186.jpg,0,False
./archive/data/train/benign/1187.jpg,0,False
./archive/data/train/benign/1188.jpg,0,False
./archive/data/train/benign/1189.jpg,0,False
./archive/data/train/benign/1190.jpg,0,False
./archive/data/train/benign/1192.jpg,0,False
./archive/data/train/benign/1193.jpg,0,False
./archive/data/train/benign/1194.jpg,0,False
./archive/data/train/benign/1195.jpg,0,False
./archive/data/train/benign/1196.jpg,0,False
./archive/data/train/benign/1197.jpg,0,False
./archive/data/train/benign/1198.jpg,0,False
./archive/data/train/benign/1199.jpg,0,False
./archive/data/train/benign/12.jpg,0,False
./archive/data/train/benign/120.jpg,0,False
./archive/data/train/benign/1201.jpg,0,False
./archive/data/train/benign/1202.jpg,0,False
./archive/data/train/benign/1204.jpg,0,False
./archive/data/train/benign/1205.jpg,0,False
./archive/data/train/benign/1206.jpg,0,False
./archive/data/train/benign/1207.jpg,0,False
./archive/data/train/benign/1209.jpg,0,False
./archive/data/train/benign/121.jpg,0,False
./archive/data/train/benign/1210.jpg,0,False
./archive/data/train/benign/1211.jpg,0,False
./archive/data/train/benign/1212.jpg,0,False
./archive/data/train/benign/1213.jpg,0,False
./archive/data/train/benign/1216.jpg,0,False
./archive/data/train/benign/1217.jpg,0,False
./archive/data/train/benign/1218.jpg,0,False
./archive/data/train/benign/1219.jpg,0,False
./archive/data/train/benign/1220.jpg,0,False
./archive/data/train/benign/1221.jpg,0,False
./archive/data/train/benign/1222.jpg,0,False
./archive/data/train/benign/1223.jpg,0,False
./archive/data/train/benign/1224.jpg,0,False
./archive/data/train/benign/1225.jpg,0,False
./archive/data/train/benign/1227.jpg,0,False
./archive/data/train/benign/1228.jpg,0,False
./archive/data/train/benign/1229.jpg,0,False
./archive/data/train/benign/123.jpg,0,False
./archive/data/train/benign/1230.jpg,0,False
./archive/data/train/benign/1232.jpg,0,False
./archive/data/train/benign/1233.jpg,0,False
./archive/data/train/benign/1234.jpg,0,False
./archive/data/train/benign/1235.jpg,0,False
./archive/data/train/benign/1236.jpg,0,False
./archive/data/train/benign/1237.jpg,0,False
./archive/data/train/benign/1238.jpg,0,False
./archive/data/train/benign/1239.jpg,0,False
./archive/data/train/benign/124.jpg,0,False
./archive/data/train/benign/1240.jpg,0,False
./archive/data/train/benign/1241.jpg,0,False
./archive/data/train/benign/1245.jpg,0,False
./archive/data/train/benign/1246.jpg,0,False
./archive/data/train/benign/1247.jpg,0,False
./archive/data/train/benign/1248.jpg,0,False
./archive/data/train/benign/1249.jpg,0,False
./archive/data/train/benign/125.jpg,0,False
./archive/data/train/benign/1250.jpg,0,False
./archive/data/train/benign/1251.jpg,0,False
./archive/data/train/benign/1252.jpg,0,False
./archive/data/train/benign/1254.jpg,0,False
./archive/data/train/benign/1255.jpg,0,False
./archive/data/train/benign/1256.jpg,0,False
./archive/data/train/benign/1257.jpg,0,False
./archive/data/train/benign/1258.jpg,0,False
./archive/data/train/benign/1259.jpg,0,False
./archive/data/train/benign/126.jpg,0,False
./archive/data/train/benign/1260.jpg,0,False
./archive/data/train/benign/1262.jpg,0,False
./archive/data/train/benign/1263.jpg,0,False
./archive/data/train/benign/1264.jpg,0,False
./archive/data/train/benign/1267.jpg,0,False
./archive/data/train/benign/1268.jpg,0,False
./archive/data/train/benign/1270.jpg,0,False
./archive/data/train/benign/1271.jpg,0,False
./archive/data/train/benign/1272.jpg,0,False
./archive/data/train/benign/1274.jpg,0,False
./archive/data/train/benign/1275.jpg,0,False
./archive/data/train/benign/1279.jpg,0,False
./archive/data/train/benign/128.jpg,0,False
./archive/data/train/benign/1280.jpg,0,False
./archive/data/train/benign/1281.jpg,0,False
./archive/data/train/benign/1282.jpg,0,False
./archive/data/train/benign/1283.jpg,0,False
./archive/data/train/benign/1284.jpg,0,False
./archive/data/train/benign/1285.jpg,0,False
./archive/data/train/benign/1286.jpg,0,False
./archive/data/train/benign/1287.jpg,0,False
./archive/data/train/benign/1289.jpg,0,False
./archive/data/train/benign/129.jpg,0,False
./archive/data/train/benign/1291.jpg,0,False
./archive/data/train/benign/1292.jpg,0,False
./archive/data/train/benign/1293.jpg,0,False
./archive/data/train/benign/1294.jpg,0,False
./archive/data/train/benign/1295.jpg,0,False
./archive/data/train/benign/1296.jpg,0,False
./archive/data/train/benign/1298.jpg,0,False
./archive/data/train/benign/13.jpg,0,False
./archive/data/train/benign/130.jpg,0,False
./archive/data/train/benign/1300.jpg,0,False
./archive/data/train/benign/1301.jpg,0,False
./archive/data/train/benign/1302.jpg,0,False
./archive/data/train/benign/1303.jpg,0,False
./archive/data/train/benign/1304.jpg,0,False
./archive/data/train/benign/1305.jpg,0,False
./archive/data/train/benign/1306.jpg,0,False
./archive/data/train/benign/1307.jpg,0,False
./archive/data/train/benign/1308.jpg,0,False
./archive/data/train/benign/1309.jpg,0,False
./archive/data/train/benign/131.jpg,0,False
./archive/data/train/benign/1311.jpg,0,False
./archive/data/train/benign/1312.jpg,0,False
./archive/data/train/benign/1313.jpg,0,False
./archive/data/train/benign/1314.jpg,0,False
./archive/data/train/benign/1315.jpg,0,False
./archive/data/train/benign/1316.jpg,0,False
./archive/data/train/benign/1317.jpg,0,False
./archive/data/train/benign/1318.jpg,0,False
./archive/data/train/benign/132.jpg,0,False
./archive/data/train/benign/1320.jpg,0,False
./archive/data/train/benign/1323.jpg,0,False
./archive/data/train/benign/1324.jpg,0,False
./archive/data/train/benign/1325.jpg,0,False
./archive/data/train/benign/1326.jpg,0,False
./archive/data/train/benign/1327.jpg,0,False
./archive/data/train/benign/1328.jpg,0,False
./archive/data/train/benign/1329.jpg,0,False
./archive/data/train/benign/133.jpg,0,False
./archive/data/train/benign/1330.jpg,0,False
./archive/data/train/benign/1331.jpg,0,False
./archive/data/train/benign/1332.jpg,0,False
./archive/data/train/benign/1333.jpg,0,False
./archive/data/train/benign/1335.jpg,0,False
./archive/data/train/benign/1336.jpg,0,False
./archive/data/train/benign/1337.jpg,0,False
./archive/data/train/benign/1338.jpg,0,False
./archive/data/train/benign/1339.jpg,0,False
./archive/data/train/benign/134.jpg,0,False
./archive/data/train/benign/1340.jpg,0,False
./archive/data/train/benign/1341.jpg,0,False
./archive/data/train/benign/1344.jpg,0,False
./archive/data/train/benign/1345.jpg,0,False
./archive/data/train/benign/1346.jpg,0,False
./archive/data/train/benign/1347.jpg,0,False
./archive/data/train/benign/1348.jpg,0,False
./archive/data/train/benign/1349.jpg,0,False
./archive/data/train/benign/135.jpg,0,False
./archive/data/train/benign/1351.jpg,0,False
./archive/data/train/benign/1352.jpg,0,False
./archive/data/train/benign/1353.jpg,0,False
./archive/data/train/benign/1355.jpg,0,False
./archive/data/train/benign/1356.jpg,0,False
./archive/data/train/benign/1358.jpg,0,False
./archive/data/train/benign/136.jpg,0,False
./archive/data/train/benign/1360.jpg,0,False
./archive/data/train/benign/1361.jpg,0,False
./archive/data/train/benign/1363.jpg,0,False
./archive/data/train/benign/1364.jpg,0,False
./archive/data/train/benign/1366.jpg,0,False
./archive/data/train/benign/1368.jpg,0,False
./archive/data/train/benign/1369.jpg,0,False
./archive/data/train/benign/137.jpg,0,False
./archive/data/train/benign/1370.jpg,0,False
./archive/data/train/benign/1371.jpg,0,False
./archive/data/train/benign/1372.jpg,0,False
./archive/data/train/benign/1374.jpg,0,False
./archive/data/train/benign/1375.jpg,0,False
./archive/data/train/benign/1379.jpg,0,False
./archive/data/train/benign/138.jpg,0,False
./archive/data/train/benign/1380.jpg,0,False
./archive/data/train/benign/1382.jpg,0,False
./archive/data/train/benign/1383.jpg,0,False
./archive/data/train/benign/1384.jpg,0,False
./archive/data/train/benign/1385.jpg,0,False
./archive/data/train/benign/1386.jpg,0,False
./archive/data/train/benign/1387.jpg,0,False
./archive/data/train/benign/1388.jpg,0,False
./archive/data/train/benign/1389.jpg,0,False
./archive/data/train/benign/139.jpg,0,False
./archive/data/train/benign/1390.jpg,0,False
./archive/data/train/benign/1391.jpg,0,False
./archive/data/train/benign/1392.jpg,0,False
./archive/data/train/benign/1394.jpg,0,False
./archive/data/train/benign/1395.jpg,0,False
./archive/data/train/benign/1396.jpg,0,False
./archive/data/train/benign/1397.jpg,0,False
./archive/data/train/benign/1398.jpg,0,False
./archive/data/train/benign/1399.jpg,0,False
./archive/data/train/benign/14.jpg,0,False
./archive/data/train/benign/1402.jpg,0,False
./archive/data/train/benign/1403.jpg,0,False
./archive/data/train/benign/1404.jpg,0,False
./archive/data/train/benign/1405.jpg,0,False
./archive/data/train/benign/1406.jpg,0,False
./archive/data/train/benign/1407.jpg,0,False
./archive/data/train/benign/1408.jpg,0,False
./archive/data/train/benign/141.jpg,0,False
./archive/data/train/benign/1410.jpg,0,False
./archive/data/train/benign/1411.jpg,0,False
./archive/data/train/benign/1413.jpg,0,False
./archive/data/train/benign/1414.jpg,0,False
./archive/data/train/benign/1416.jpg,0,False
./archive/data/train/benign/1417.jpg,0,False
./archive/data/train/benign/1418.jpg,0,False
./archive/data/train/benign/1419.jpg,0,False
./archive/data/train/benign/142.jpg,0,False
./archive/data/train/benign/1420.jpg,0,False
./archive/data/train/benign/1421.jpg,0,False
./archive/data/train/benign/1422.jpg,0,False
./archive/data/train/benign/1423.jpg,0,False
./archive/data/train/benign/1424.jpg,0,False
./archive/data/train/benign/1425.jpg,0,False
./archive/data/train/benign/1426.jpg,0,False
./archive/data/train/benign/1427.jpg,0,False
./archive/data/train/benign/1428.jpg,0,False
./archive/data/train/benign/1429.jpg,0,False
./archive/data/train/benign/143.jpg,0,False
./archive/data/train/benign/1430.jpg,0,False
./archive/data/train/benign/1431.jpg,0,False
./archive/data/train/benign/1432.jpg,0,False
./archive/data/train/benign/1433.jpg,0,False
./archive/data/train/benign/1434.jpg,0,False
./archive/data/train/benign/1435.jpg,0,False
./archive/data/train/benign/1436.jpg,0,False
./archive/data/train/benign/1437.jpg,0,False
./archive/data/train/benign/1438.jpg,0,False
./archive/data/train/benign/1439.jpg,0,False
./archive/data/train/benign/1440.jpg,0,False
./archive/data/train/benign/1442.jpg,0,False
./archive/data/train/benign/1444.jpg,0,False
./archive/data/train/benign/1446.jpg,0,False
./archive/data/train/benign/1447.jpg,0,False
./archive/data/train/benign/1449.jpg,0,False
./archive/data/train/benign/145.jpg,0,False
./archive/data/train/benign/1450.jpg,0,False
./archive/data/train/benign/1451.jpg,0,False
./archive/data/train/benign/1452.jpg,0,False
./archive/data/train/benign/1453.jpg,0,False
./archive/data/train/benign/1454.jpg,0,False
./archive/data/train/benign/1455.jpg,0,False
./archive/data/train/benign/1456.jpg,0,False
./archive/data/train/benign/1457.jpg,0,False
./archive/data/train/benign/1458.jpg,0,False
./archive/data/train/benign/1459.jpg,0,False
./archive/data/train/benign/146.jpg,0,False
./archive/data/train/benign/1460.jpg,0,False
./archive/data/train/benign/1461.jpg,0,False
./archive/data/train/benign/1462.jpg,0,False
./archive/data/train/benign/1463.jpg,0,False
./archive/data/train/benign/1464.jpg,0,False
./archive/data/train/benign/1465.jpg,0,False
./archive/data/train/benign/1467.jpg,0,False
./archive/data/train/benign/1469.jpg,0,False
./archive/data/train/benign/1470.jpg,0,False
./archive/data/train/benign/1472.jpg,0,False
./archive/data/train/benign/1474.jpg,0,False
./archive/data/train/benign/1475.jpg,0,False
./archive/data/train/benign/1476.jpg,0,False
./archive/data/train/benign/1477.jpg,0,False
./archive/data/train/benign/1478.jpg,0,False
./archive/data/train/benign/148.jpg,0,False
./archive/data/train/benign/1480.jpg,0,False
./archive/data/train/benign/1482.jpg,0,False
./archive/data/train/benign/1484.jpg,0,False
./archive/data/train/benign/1486.jpg,0,False
./archive/data/train/benign/1487.jpg,0,False
./archive/data/train/benign/1489.jpg,0,False
./archive/data/train/benign/149.jpg,0,False
./archive/data/train/benign/1490.jpg,0,False
./archive/data/train/benign/1491.jpg,0,False
./archive/data/train/benign/1493.jpg,0,False
./archive/data/train/benign/1494.jpg,0,False
./archive/data/train/benign/1495.jpg,0,False
./archive/data/train/benign/1496.jpg,0,False
./archive/data/train/benign/1497.jpg,0,False
./archive/data/train/benign/1498.jpg,0,False
./archive/data/train/benign/150.jpg,0,False
./archive/data/train/benign/1500.jpg,0,False
./archive/data/train/benign/1501.jpg,0,False
./archive/data/train/benign/1503.jpg,0,False
./archive/data/train/benign/1504.jpg,0,False
./archive/data/train/benign/1505.jpg,0,False
./archive/data/train/benign/1506.jpg,0,False
./archive/data/train/benign/1507.jpg,0,False
./archive/data/train/benign/1508.jpg,0,False
./archive/data/train/benign/1509.jpg,0,False
./archive/data/train/benign/151.jpg,0,False
./archive/data/train/benign/1510.jpg,0,False
./archive/data/train/benign/1511.jpg,0,False
./archive/data/train/benign/1512.jpg,0,False
./archive/data/train/benign/1513.jpg,0,False
./archive/data/train/benign/1515.jpg,0,False
./archive/data/train/benign/1517.jpg,0,False
./archive/data/train/benign/1518.jpg,0,False
./archive/data/train/benign/152.jpg,0,False
./archive/data/train/benign/1520.jpg,0,False
./archive/data/train/benign/1522.jpg,0,False
./archive/data/train/benign/1523.jpg,0,False
./archive/data/train/benign/1524.jpg,0,False
./archive/data/train/benign/1525.jpg,0,False
./archive/data/train/benign/1526.jpg,0,False
./archive/data/train/benign/1527.jpg,0,False
./archive/data/train/benign/1528.jpg,0,False
./archive/data/train/benign/1529.jpg,0,False
./archive/data/train/benign/153.jpg,0,False
./archive/data/train/benign/1531.jpg,0,False
./archive/data/train/benign/1532.jpg,0,False
./archive/data/train/benign/1533.jpg,0,False
./archive/data/train/benign/1534.jpg,0,False
./archive/data/train/benign/1535.jpg,0,False
./archive/data/train/benign/1536.jpg,0,False
./archive/data/train/benign/1539.jpg,0,False
./archive/data/train/benign/1540.jpg,0,False
./archive/data/train/benign/1541.jpg,0,False
./archive/data/train/benign/1542.jpg,0,False
./archive/data/train/benign/1543.jpg,0,False
./archive/data/train/benign/1544.jpg,0,False
./archive/data/train/benign/1546.jpg,0,False
./archive/data/train/benign/1547.jpg,0,False
./archive/data/train/benign/1548.jpg,0,False
./archive/data/train/benign/1549.jpg,0,False
./archive/data/train/benign/155.jpg,0,False
./archive/data/train/benign/1550.jpg,0,False
./archive/data/train/benign/1551.jpg,0,False
./archive/data/train/benign/1552.jpg,0,False
./archive/data/train/benign/1553.jpg,0,False
./archive/data/train/benign/1554.jpg,0,False
./archive/data/train/benign/1555.jpg,0,False
./archive/data/train/benign/1556.jpg,0,False
./archive/data/train/benign/1557.jpg,0,False
./archive/data/train/benign/1558.jpg,0,False
./archive/data/train/benign/156.jpg,0,False
./archive/data/train/benign/1560.jpg,0,False
./archive/data/train/benign/1561.jpg,0,False
./archive/data/train/benign/1562.jpg,0,False
./archive/data/train/benign/1563.jpg,0,False
./archive/data/train/benign/1564.jpg,0,False
./archive/data/train/benign/1565.jpg,0,False
./archive/data/train/benign/1566.jpg,0,False
./archive/data/train/benign/1567.jpg,0,False
./archive/data/train/benign/1568.jpg,0,False
./archive/data/train/benign/1569.jpg,0,False
./archive/data/train/benign/157.jpg,0,False
./archive/data/train/benign/1570.jpg,0,False
./archive/data/train/benign/1571.jpg,0,False
./archive/data/train/benign/1572.jpg,0,False
./archive/data/train/benign/1573.jpg,0,False
./archive/data/train/benign/1574.jpg,0,False
./archive/data/train/benign/1575.jpg,0,False
./archive/data/train/benign/1577.jpg,0,False
./archive/data/train/benign/158.jpg,0,False
./archive/data/train/benign/1580.jpg,0,False
./archive/data/train/benign/1581.jpg,0,False
./archive/data/train/benign/1582.jpg,0,False
./archive/data/train/benign/1583.jpg,0,False
./archive/data/train/benign/1584.jpg,0,False
./archive/data/train/benign/1585.jpg,0,False
./archive/data/train/benign/1586.jpg,0,False
./archive/data/train/benign/1587.jpg,0,False
./archive/data/train/benign/1588.jpg,0,False
./archive/data/train/benign/1589.jpg,0,False
./archive/data/train/benign/159.jpg,0,False
./archive/data/train/benign/1590.jpg,0,False
./archive/data/train/benign/1591.jpg,0,False
./archive/data/train/benign/1593.jpg,0,False
./archive/data/train/benign/1594.jpg,0,False
./archive/data/train/benign/1595.jpg,0,False
./archive/data/train/benign/1596.jpg,0,False
./archive/data/train/benign/1597.jpg,0,False
./archive/data/train/benign/1598.jpg,0,False
./archive/data/train/benign/1599.jpg,0,False
./archive/data/train/benign/160.jpg,0,False
./archive/data/train/benign/1600.jpg,0,False
./archive/data/train/benign/1601.jpg,0,False
./archive/data/train/benign/1603.jpg,0,False
./archive/data/train/benign/1604.jpg,0,False
./archive/data/train/benign/1605.jpg,0,False
./archive/data/train/benign/1606.jpg,0,False
./archive/data/train/benign/1608.jpg,0,False
./archive/data/train/benign/1609.jpg,0,False
./archive/data/train/benign/1612.jpg,0,False
./archive/data/train/benign/1613.jpg,0,False
./archive/data/train/benign/1614.jpg,0,False
./archive/data/train/benign/1615.jpg,0,False
./archive/data/train/benign/1616.jpg,0,False
./archive/data/train/benign/1617.jpg,0,False
./archive/data/train/benign/1618.jpg,0,False
./archive/data/train/benign/1619.jpg,0,False
./archive/data/train/benign/162.jpg,0,False
./archive/data/train/benign/1620.jpg,0,False
./archive/data/train/benign/1621.jpg,0,False
./archive/data/train/benign/1622.jpg,0,False
./archive/data/train/benign/1623.jpg,0,False
./archive/data/train/benign/1624.jpg,0,False
./archive/data/train/benign/1625.jpg,0,False
./archive/data/train/benign/1626.jpg,0,False
./archive/data/train/benign/1627.jpg,0,False
./archive/data/train/benign/1629.jpg,0,False
./archive/data/train/benign/163.jpg,0,False
./archive/data/train/benign/1630.jpg,0,False
./archive/data/train/benign/1631.jpg,0,False
./archive/data/train/benign/1633.jpg,0,False
./archive/data/train/benign/1635.jpg,0,False
./archive/data/train/benign/1636.jpg,0,False
./archive/data/train/benign/1638.jpg,0,False
./archive/data/train/benign/1639.jpg,0,False
./archive/data/train/benign/164.jpg,0,False
./archive/data/train/benign/1640.jpg,0,False
./archive/data/train/benign/1641.jpg,0,False
./archive/data/train/benign/1643.jpg,0,False
./archive/data/train/benign/1644.jpg,0,False
./archive/data/train/benign/1645.jpg,0,False
./archive/data/train/benign/1647.jpg,0,False
./archive/data/train/benign/1649.jpg,0,False
./archive/data/train/benign/165.jpg,0,False
./archive/data/train/benign/1650.jpg,0,False
./archive/data/train/benign/1651.jpg,0,False
./archive/data/train/benign/1652.jpg,0,False
./archive/data/train/benign/1653.jpg,0,False
./archive/data/train/benign/1654.jpg,0,False
./archive/data/train/benign/1656.jpg,0,False
./archive/data/train/benign/1658.jpg,0,False
./archive/data/train/benign/1659.jpg,0,False
./archive/data/train/benign/166.jpg,0,False
./archive/data/train/benign/1660.jpg,0,False
./archive/data/train/benign/1661.jpg,0,False
./archive/data/train/benign/1662.jpg,0,False
./archive/data/train/benign/1663.jpg,0,False
./archive/data/train/benign/1664.jpg,0,False
./archive/data/train/benign/1665.jpg,0,False
./archive/data/train/benign/1666.jpg,0,False
./archive/data/train/benign/1667.jpg,0,False
./archive/data/train/benign/1668.jpg,0,False
./archive/data/train/benign/1669.jpg,0,False
./archive/data/train/benign/167.jpg,0,False
./archive/data/train/benign/1670.jpg,0,False
./archive/data/train/benign/1671.jpg,0,False
./archive/data/train/benign/1673.jpg,0,False
./archive/data/train/benign/1674.jpg,0,False
./archive/data/train/benign/1675.jpg,0,False
./archive/data/train/benign/1676.jpg,0,False
./archive/data/train/benign/1677.jpg,0,False
./archive/data/train/benign/1678.jpg,0,False
./archive/data/train/benign/1679.jpg,0,False
./archive/data/train/benign/168.jpg,0,False
./archive/data/train/benign/1680.jpg,0,False
./archive/data/train/benign/1681.jpg,0,False
./archive/data/train/benign/1683.jpg,0,False
./archive/data/train/benign/1684.jpg,0,False
./archive/data/train/benign/1685.jpg,0,False
./archive/data/train/benign/1686.jpg,0,False
./archive/data/train/benign/1688.jpg,0,False
./archive/data/train/benign/1689.jpg,0,False
./archive/data/train/benign/169.jpg,0,False
./archive/data/train/benign/1690.jpg,0,False
./archive/data/train/benign/1691.jpg,0,False
./archive/data/train/benign/1692.jpg,0,False
./archive/data/train/benign/1693.jpg,0,False
./archive/data/train/benign/1694.jpg,0,False
./archive/data/train/benign/1695.jpg,0,False
./archive/data/train/benign/1697.jpg,0,False
./archive/data/train/benign/1698.jpg,0,False
./archive/data/train/benign/1699.jpg,0,False
./archive/data/train/benign/17.jpg,0,False
./archive/data/train/benign/170.jpg,0,False
./archive/data/train/benign/1700.jpg,0,False
./archive/data/train/benign/1702.jpg,0,False
./archive/data/train/benign/1703.jpg,0,False
./archive/data/train/benign/1705.jpg,0,False
./archive/data/train/benign/1706.jpg,0,False
./archive/data/train/benign/1707.jpg,0,False
./archive/data/train/benign/1708.jpg,0,False
./archive/data/train/benign/1709.jpg,0,False
./archive/data/train/benign/171.jpg,0,False
./archive/data/train/benign/1712.jpg,0,False
./archive/data/train/benign/1713.jpg,0,False
./archive/data/train/benign/1715.jpg,0,False
./archive/data/train/benign/1716.jpg,0,False
./archive/data/train/benign/1717.jpg,0,False
./archive/data/train/benign/1718.jpg,0,False
./archive/data/train/benign/172.jpg,0,False
./archive/data/train/benign/1720.jpg,0,False
./archive/data/train/benign/1722.jpg,0,False
./archive/data/train/benign/1723.jpg,0,False
./archive/data/train/benign/1724.jpg,0,False
./archive/data/train/benign/1725.jpg,0,False
./archive/data/train/benign/1726.jpg,0,False
./archive/data/train/benign/1727.jpg,0,False
./archive/data/train/benign/1728.jpg,0,False
./archive/data/train/benign/1729.jpg,0,False
./archive/data/train/benign/173.jpg,0,False
./archive/data/train/benign/1730.jpg,0,False
./archive/data/train/benign/1732.jpg,0,False
./archive/data/train/benign/1733.jpg,0,False
./archive/data/train/benign/1734.jpg,0,False
./archive/data/train/benign/1735.jpg,0,False
./archive/data/train/benign/1736.jpg,0,False
./archive/data/train/benign/1738.jpg,0,False
./archive/data/train/benign/1739.jpg,0,False
./archive/data/train/benign/174.jpg,0,False
./archive/data/train/benign/1740.jpg,0,False
./archive/data/train/benign/1741.jpg,0,False
./archive/data/train/benign/1742.jpg,0,False
./archive/data/train/benign/1743.jpg,0,False
./archive/data/train/benign/1744.jpg,0,False
./archive/data/train/benign/1746.jpg,0,False
./archive/data/train/benign/1749.jpg,0,False
./archive/data/train/benign/175.jpg,0,False
./archive/data/train/benign/1750.jpg,0,False
./archive/data/train/benign/1751.jpg,0,False
./archive/data/train/benign/1752.jpg,0,False
./archive/data/train/benign/1753.jpg,0,False
./archive/data/train/benign/1754.jpg,0,False
./archive/data/train/benign/1755.jpg,0,False
./archive/data/train/benign/1759.jpg,0,False
./archive/data/train/benign/176.jpg,0,False
./archive/data/train/benign/1760.jpg,0,False
./archive/data/train/benign/1761.jpg,0,False
./archive/data/train/benign/1762.jpg,0,False
./archive/data/train/benign/1763.jpg,0,False
./archive/data/train/benign/1765.jpg,0,False
./archive/data/train/benign/1766.jpg,0,False
./archive/data/train/benign/1767.jpg,0,False
./archive/data/train/benign/1769.jpg,0,False
./archive/data/train/benign/177.jpg,0,False
./archive/data/train/benign/1770.jpg,0,False
./archive/data/train/benign/1771.jpg,0,False
./archive/data/train/benign/1772.jpg,0,False
./archive/data/train/benign/1774.jpg,0,False
./archive/data/train/benign/1775.jpg,0,False
./archive/data/train/benign/1776.jpg,0,False
./archive/data/train/benign/1777.jpg,0,False
./archive/data/train/benign/1778.jpg,0,False
./archive/data/train/benign/1779.jpg,0,False
./archive/data/train/benign/178.jpg,0,False
./archive/data/train/benign/1780.jpg,0,False
./archive/data/train/benign/1781.jpg,0,False
./archive/data/train/benign/1782.jpg,0,False
./archive/data/train/benign/1783.jpg,0,False
./archive/data/train/benign/1784.jpg,0,False
./archive/data/train/benign/1785.jpg,0,False
./archive/data/train/benign/1786.jpg,0,False
./archive/data/train/benign/1787.jpg,0,False
./archive/data/train/benign/1788.jpg,0,False
./archive/data/train/benign/1789.jpg,0,False
./archive/data/train/benign/179.jpg,0,False
./archive/data/train/benign/1790.jpg,0,False
./archive/data/train/benign/1791.jpg,0,False
./archive/data/train/benign/1792.jpg,0,False
./archive/data/train/benign/1793.jpg,0,False
./archive/data/train/benign/1794.jpg,0,False
./archive/data/train/benign/1795.jpg,0,False
./archive/data/train/benign/1796.jpg,0,False
./archive/data/train/benign/1799.jpg,0,False
./archive/data/train/benign/180.jpg,0,False
./archive/data/train/benign/181.jpg,0,False
./archive/data/train/benign/182.jpg,0,False
./archive/data/train/benign/183.jpg,0,False
./archive/data/train/benign/184.jpg,0,False
./archive/data/train/benign/187.jpg,0,False
./archive/data/train/benign/188.jpg,0,False
./archive/data/train/benign/189.jpg,0,False
./archive/data/train/benign/19.jpg,0,False
./archive/data/train/benign/190.jpg,0,False
./archive/data/train/benign/191.jpg,0,False
./archive/data/train/benign/192.jpg,0,False
./archive/data/train/benign/193.jpg,0,False
./archive/data/train/benign/194.jpg,0,False
./archive/data/train/benign/195.jpg,0,False
./archive/data/train/benign/196.jpg,0,False
./archive/data/train/benign/197.jpg,0,False
./archive/data/train/benign/198.jpg,0,False
./archive/data/train/benign/199.jpg,0,False
./archive/data/train/benign/20.jpg,0,False
./archive/data/train/benign/200.jpg,0,False
./archive/data/train/benign/201.jpg,0,False
./archive/data/train/benign/202.jpg,0,False
./archive/data/train/benign/203.jpg,0,False
./archive/data/train/benign/204.jpg,0,False
./archive/data/train/benign/206.jpg,0,False
./archive/data/train/benign/207.jpg,0,False
./archive/data/train/benign/208.jpg,0,False
./archive/data/train/benign/209.jpg,0,False
./archive/data/train/benign/21.jpg,0,False
./archive/data/train/benign/210.jpg,0,False
./archive/data/train/benign/212.jpg,0,False
./archive/data/train/benign/213.jpg,0,False
./archive/data/train/benign/214.jpg,0,False
./archive/data/train/benign/217.jpg,0,False
./archive/data/train/benign/218.jpg,0,False
./archive/data/train/benign/219.jpg,0,False
./archive/data/train/benign/22.jpg,0,False
./archive/data/train/benign/220.jpg,0,False
./archive/data/train/benign/221.jpg,0,False
./archive/data/train/benign/222.jpg,0,False
./archive/data/train/benign/223.jpg,0,False
./archive/data/train/benign/225.jpg,0,False
./archive/data/train/benign/227.jpg,0,False
./archive/data/train/benign/228.jpg,0,False
./archive/data/train/benign/229.jpg,0,False
./archive/data/train/benign/23.jpg,0,False
./archive/data/train/benign/230.jpg,0,False
./archive/data/train/benign/231.jpg,0,False
./archive/data/train/benign/232.jpg,0,False
./archive/data/train/benign/233.jpg,0,False
./archive/data/train/benign/234.jpg,0,False
./archive/data/train/benign/235.jpg,0,False
./archive/data/train/benign/236.jpg,0,False
./archive/data/train/benign/238.jpg,0,False
./archive/data/train/benign/239.jpg,0,False
./archive/data/train/benign/24.jpg,0,False
./archive/data/train/benign/240.jpg,0,False
./archive/data/train/benign/241.jpg,0,False
./archive/data/train/benign/242.jpg,0,False
./archive/data/train/benign/243.jpg,0,False
./archive/data/train/benign/244.jpg,0,False
./archive/data/train/benign/246.jpg,0,False
./archive/data/train/benign/247.jpg,0,False
./archive/data/train/benign/248.jpg,0,False
./archive/data/train/benign/249.jpg,0,False
./archive/data/train/benign/25.jpg,0,False
./archive/data/train/benign/252.jpg,0,False
./archive/data/train/benign/254.jpg,0,False
./archive/data/train/benign/255.jpg,0,False
./archive/data/train/benign/257.jpg,0,False
./archive/data/train/benign/258.jpg,0,False
./archive/data/train/benign/26.jpg,0,False
./archive/data/train/benign/260.jpg,0,False
./archive/data/train/benign/261.jpg,0,False
./archive/data/train/benign/262.jpg,0,False
./archive/data/train/benign/263.jpg,0,False
./archive/data/train/benign/264.jpg,0,False
./archive/data/train/benign/265.jpg,0,False
./archive/data/train/benign/266.jpg,0,False
./archive/data/train/benign/269.jpg,0,False
./archive/data/train/benign/27.jpg,0,False
./archive/data/train/benign/270.jpg,0,False
./archive/data/train/benign/271.jpg,0,False
./archive/data/train/benign/272.jpg,0,False
./archive/data/train/benign/274.jpg,0,False
./archive/data/train/benign/275.jpg,0,False
./archive/data/train/benign/276.jpg,0,False
./archive/data/train/benign/277.jpg,0,False
./archive/data/train/benign/278.jpg,0,False
./archive/data/train/benign/279.jpg,0,False
./archive/data/train/benign/28.jpg,0,False
./archive/data/train/benign/280.jpg,0,False
./archive/data/train/benign/281.jpg,0,False
./archive/data/train/benign/282.jpg,0,False
./archive/data/train/benign/283.jpg,0,False
./archive/data/train/benign/285.jpg,0,False
./archive/data/train/benign/286.jpg,0,False
./archive/data/train/benign/288.jpg,0,False
./archive/data/train/benign/29.jpg,0,False
./archive/data/train/benign/290.jpg,0,False
./archive/data/train/benign/292.jpg,0,False
./archive/data/train/benign/293.jpg,0,False
./archive/data/train/benign/294.jpg,0,False
./archive/data/train/benign/295.jpg,0,False
./archive/data/train/benign/296.jpg,0,False
./archive/data/train/benign/297.jpg,0,False
./archive/data/train/benign/298.jpg,0,False
./archive/data/train/benign/299.jpg,0,False
./archive/data/train/benign/3.jpg,0,False
./archive/data/train/benign/30.jpg,0,False
./archive/data/train/benign/301.jpg,0,False
./archive/data/train/benign/302.jpg,0,False
./archive/data/train/benign/305.jpg,0,False
./archive/data/train/benign/306.jpg,0,False
./archive/data/train/benign/307.jpg,0,False
./archive/data/train/benign/308.jpg,0,False
./archive/data/train/benign/309.jpg,0,False
./archive/data/train/benign/310.jpg,0,False
./archive/data/train/benign/312.jpg,0,False
./archive/data/train/benign/314.jpg,0,False
./archive/data/train/benign/315.jpg,0,False
./archive/data/train/benign/316.jpg,0,False
./archive/data/train/benign/318.jpg,0,False
./archive/data/train/benign/319.jpg,0,False
./archive/data/train/benign/32.jpg,0,False
./archive/data/train/benign/320.jpg,0,False
./archive/data/train/benign/321.jpg,0,False
./archive/data/train/benign/324.jpg,0,False
./archive/data/train/benign/325.jpg,0,False
./archive/data/train/benign/326.jpg,0,False
./archive/data/train/benign/327.jpg,0,False
./archive/data/train/benign/328.jpg,0,False
./archive/data/train/benign/329.jpg,0,False
./archive/data/train/benign/33.jpg,0,False
./archive/data/train/benign/331.jpg,0,False
./archive/data/train/benign/333.jpg,0,False
./archive/data/train/benign/334.jpg,0,False
./archive/data/train/benign/336.jpg,0,False
./archive/data/train/benign/337.jpg,0,False
./archive/data/train/benign/338.jpg,0,False
./archive/data/train/benign/339.jpg,0,False
./archive/data/train/benign/34.jpg,0,False
./archive/data/train/benign/340.jpg,0,False
./archive/data/train/benign/341.jpg,0,False
./archive/data/train/benign/342.jpg,0,False
./archive/data/train/benign/343.jpg,0,False
./archive/data/train/benign/345.jpg,0,False
./archive/data/train/benign/346.jpg,0,False
./archive/data/train/benign/347.jpg,0,False
./archive/data/train/benign/349.jpg,0,False
./archive/data/train/benign/35.jpg,0,False
./archive/data/train/benign/350.jpg,0,False
./archive/data/train/benign/351.jpg,0,False
./archive/data/train/benign/352.jpg,0,False
./archive/data/train/benign/353.jpg,0,False
./archive/data/train/benign/355.jpg,0,False
./archive/data/train/benign/357.jpg,0,False
./archive/data/train/benign/358.jpg,0,False
./archive/data/train/benign/359.jpg,0,False
./archive/data/train/benign/36.jpg,0,False
./archive/data/train/benign/360.jpg,0,False
./archive/data/train/benign/361.jpg,0,False
./archive/data/train/benign/362.jpg,0,False
./archive/data/train/benign/363.jpg,0,False
./archive/data/train/benign/364.jpg,0,False
./archive/data/train/benign/365.jpg,0,False
./archive/data/train/benign/366.jpg,0,False
./archive/data/train/benign/368.jpg,0,False
./archive/data/train/benign/370.jpg,0,False
./archive/data/train/benign/371.jpg,0,False
./archive/data/train/benign/372.jpg,0,False
./archive/data/train/benign/373.jpg,0,False
./archive/data/train/benign/374.jpg,0,False
./archive/data/train/benign/375.jpg,0,False
./archive/data/train/benign/376.jpg,0,False
./archive/data/train/benign/377.jpg,0,False
./archive/data/train/benign/38.jpg,0,False
./archive/data/train/benign/380.jpg,0,False
./archive/data/train/benign/381.jpg,0,False
./archive/data/train/benign/382.jpg,0,False
./archive/data/train/benign/383.jpg,0,False
./archive/data/train/benign/384.jpg,0,False
./archive/data/train/benign/386.jpg,0,False
./archive/data/train/benign/387.jpg,0,False
./archive/data/train/benign/39.jpg,0,False
./archive/data/train/benign/390.jpg,0,False
./archive/data/train/benign/391.jpg,0,False
./archive/data/train/benign/392.jpg,0,False
./archive/data/train/benign/393.jpg,0,False
./archive/data/train/benign/395.jpg,0,False
./archive/data/train/benign/396.jpg,0,False
./archive/data/train/benign/397.jpg,0,False
./archive/data/train/benign/398.jpg,0,False
./archive/data/train/benign/399.jpg,0,False
./archive/data/train/benign/4.jpg,0,False
./archive/data/train/benign/40.jpg,0,False
./archive/data/train/benign/400.jpg,0,False
./archive/data/train/benign/401.jpg,0,False
./archive/data/train/benign/402.jpg,0,False
./archive/data/train/benign/403.jpg,0,False
./archive/data/train/benign/405.jpg,0,False
./archive/data/train/benign/406.jpg,0,False
./archive/data/train/benign/408.jpg,0,False
./archive/data/train/benign/409.jpg,0,False
./archive/data/train/benign/41.jpg,0,False
./archive/data/train/benign/410.jpg,0,False
./archive/data/train/benign/411.jpg,0,False
./archive/data/train/benign/412.jpg,0,False
./archive/data/train/benign/413.jpg,0,False
./archive/data/train/benign/415.jpg,0,False
./archive/data/train/benign/416.jpg,0,False
./archive/data/train/benign/417.jpg,0,False
./archive/data/train/benign/418.jpg,0,False
./archive/data/train/benign/42.jpg,0,False
./archive/data/train/benign/420.jpg,0,False
./archive/data/train/benign/421.jpg,0,False
./archive/data/train/benign/422.jpg,0,False
./archive/data/train/benign/423.jpg,0,False
./archive/data/train/benign/424.jpg,0,False
./archive/data/train/benign/425.jpg,0,False
./archive/data/train/benign/426.jpg,0,False
./archive/data/train/benign/429.jpg,0,False
./archive/data/train/benign/43.jpg,0,False
./archive/data/train/benign/430.jpg,0,False
./archive/data/train/benign/431.jpg,0,False
./archive/data/train/benign/432.jpg,0,False
./archive/data/train/benign/434.jpg,0,False
./archive/data/train/benign/435.jpg,0,False
./archive/data/train/benign/438.jpg,0,False
./archive/data/train/benign/439.jpg,0,False
./archive/data/train/benign/440.jpg,0,False
./archive/data/train/benign/441.jpg,0,False
./archive/data/train/benign/442.jpg,0,False
./archive/data/train/benign/443.jpg,0,False
./archive/data/train/benign/445.jpg,0,False
./archive/data/train/benign/446.jpg,0,False
./archive/data/train/benign/447.jpg,0,False
./archive/data/train/benign/448.jpg,0,False
./archive/data/train/benign/450.jpg,0,False
./archive/data/train/benign/451.jpg,0,False
./archive/data/train/benign/452.jpg,0,False
./archive/data/train/benign/453.jpg,0,False
./archive/data/train/benign/455.jpg,0,False
./archive/data/train/benign/456.jpg,0,False
./archive/data/train/benign/458.jpg,0,False
./archive/data/train/benign/459.jpg,0,False
./archive/data/train/benign/46.jpg,0,False
./archive/data/train/benign/460.jpg,0,False
./archive/data/train/benign/461.jpg,0,False
./archive/data/train/benign/463.jpg,0,False
./archive/data/train/benign/464.jpg,0,False
./archive/data/train/benign/465.jpg,0,False
./archive/data/train/benign/466.jpg,0,False
./archive/data/train/benign/467.jpg,0,False
./archive/data/train/benign/468.jpg,0,False
./archive/data/train/benign/469.jpg,0,False
./archive/data/train/benign/47.jpg,0,False
./archive/data/train/benign/470.jpg,0,False
./archive/data/train/benign/471.jpg,0,False
./archive/data/train/benign/472.jpg,0,False
./archive/data/train/benign/473.jpg,0,False
./archive/data/train/benign/474.jpg,0,False
./archive/data/train/benign/476.jpg,0,False
./archive/data/train/benign/477.jpg,0,False
./archive/data/train/benign/478.jpg,0,False
./archive/data/train/benign/48.jpg,0,False
./archive/data/train/benign/480.jpg,0,False
./archive/data/train/benign/481.jpg,0,False
./archive/data/train/benign/482.jpg,0,False
./archive/data/train/benign/483.jpg,0,False
./archive/data/train/benign/485.jpg,0,False
./archive/data/train/benign/486.jpg,0,False
./archive/data/train/benign/487.jpg,0,False
./archive/data/train/benign/488.jpg,0,False
./archive/data/train/benign/489.jpg,0,False
./archive/data/train/benign/49.jpg,0,False
./archive/data/train/benign/490.jpg,0,False
./archive/data/train/benign/491.jpg,0,False
./archive/data/train/benign/492.jpg,0,False
./archive/data/train/benign/493.jpg,0,False
./archive/data/train/benign/494.jpg,0,False
./archive/data/train/benign/496.jpg,0,False
./archive/data/train/benign/497.jpg,0,False
./archive/data/train/benign/498.jpg,0,False
./archive/data/train/benign/499.jpg,0,False
./archive/data/train/benign/50.jpg,0,False
./archive/data/train/benign/500.jpg,0,False
./archive/data/train/benign/501.jpg,0,False
./archive/data/train/benign/502.jpg,0,False
./archive/data/train/benign/503.jpg,0,False
./archive/data/train/benign/504.jpg,0,False
./archive/data/train/benign/505.jpg,0,False
./archive/data/train/benign/506.jpg,0,False
./archive/data/train/benign/507.jpg,0,False
./archive/data/train/benign/508.jpg,0,False
./archive/data/train/benign/509.jpg,0,False
./archive/data/train/benign/51.jpg,0,False
./archive/data/train/benign/510.jpg,0,False
./archive/data/train/benign/511.jpg,0,False
./archive/data/train/benign/512.jpg,0,False
./archive/data/train/benign/513.jpg,0,False
./archive/data/train/benign/514.jpg,0,False
./archive/data/train/benign/515.jpg,0,False
./archive/data/train/benign/516.jpg,0,False
./archive/data/train/benign/517.jpg,0,False
./archive/data/train/benign/518.jpg,0,False
./archive/data/train/benign/519.jpg,0,False
./archive/data/train/benign/52.jpg,0,False
./archive/data/train/benign/521.jpg,0,False
./archive/data/train/benign/522.jpg,0,False
./archive/data/train/benign/523.jpg,0,False
./archive/data/train/benign/524.jpg,0,False
./archive/data/train/benign/525.jpg,0,False
./archive/data/train/benign/526.jpg,0,False
./archive/data/train/benign/528.jpg,0,False
./archive/data/train/benign/529.jpg,0,False
./archive/data/train/benign/53.jpg,0,False
./archive/data/train/benign/530.jpg,0,False
./archive/data/train/benign/531.jpg,0,False
./archive/data/train/benign/533.jpg,0,False
./archive/data/train/benign/534.jpg,0,False
./archive/data/train/benign/537.jpg,0,False
./archive/data/train/benign/538.jpg,0,False
./archive/data/train/benign/539.jpg,0,False
./archive/data/train/benign/540.jpg,0,False
./archive/data/train/benign/541.jpg,0,False
./archive/data/train/benign/542.jpg,0,False
./archive/data/train/benign/543.jpg,0,False
./archive/data/train/benign/544.jpg,0,False
./archive/data/train/benign/546.jpg,0,False
./archive/data/train/benign/547.jpg,0,False
./archive/data/train/benign/549.jpg,0,False
./archive/data/train/benign/55.jpg,0,False
./archive/data/train/benign/550.jpg,0,False
./archive/data/train/benign/551.jpg,0,False
./archive/data/train/benign/553.jpg,0,False
./archive/data/train/benign/554.jpg,0,False
./archive/data/train/benign/555.jpg,0,False
./archive/data/train/benign/556.jpg,0,False
./archive/data/train/benign/557.jpg,0,False
./archive/data/train/benign/56.jpg,0,False
./archive/data/train/benign/563.jpg,0,False
./archive/data/train/benign/564.jpg,0,False
./archive/data/train/benign/565.jpg,0,False
./archive/data/train/benign/567.jpg,0,False
./archive/data/train/benign/568.jpg,0,False
./archive/data/train/benign/569.jpg,0,False
./archive/data/train/benign/570.jpg,0,False
./archive/data/train/benign/571.jpg,0,False
./archive/data/train/benign/576.jpg,0,False
./archive/data/train/benign/577.jpg,0,False
./archive/data/train/benign/578.jpg,0,False
./archive/data/train/benign/579.jpg,0,False
./archive/data/train/benign/58.jpg,0,False
./archive/data/train/benign/581.jpg,0,False
./archive/data/train/benign/582.jpg,0,False
./archive/data/train/benign/583.jpg,0,False
./archive/data/train/benign/584.jpg,0,False
./archive/data/train/benign/585.jpg,0,False
./archive/data/train/benign/586.jpg,0,False
./archive/data/train/benign/587.jpg,0,False
./archive/data/train/benign/589.jpg,0,False
./archive/data/train/benign/59.jpg,0,False
./archive/data/train/benign/590.jpg,0,False
./archive/data/train/benign/591.jpg,0,False
./archive/data/train/benign/592.jpg,0,False
./archive/data/train/benign/593.jpg,0,False
./archive/data/train/benign/594.jpg,0,False
./archive/data/train/benign/595.jpg,0,False
./archive/data/train/benign/597.jpg,0,False
./archive/data/train/benign/598.jpg,0,False
./archive/data/train/benign/599.jpg,0,False
./archive/data/train/benign/6.jpg,0,False
./archive/data/train/benign/60.jpg,0,False
./archive/data/train/benign/600.jpg,0,False
./archive/data/train/benign/601.jpg,0,False
./archive/data/train/benign/602.jpg,0,False
./archive/data/train/benign/604.jpg,0,False
./archive/data/train/benign/605.jpg,0,False
./archive/data/train/benign/606.jpg,0,False
./archive/data/train/benign/607.jpg,0,False
./archive/data/train/benign/608.jpg,0,False
./archive/data/train/benign/609.jpg,0,False
./archive/data/train/benign/610.jpg,0,False
./archive/data/train/benign/611.jpg,0,False
./archive/data/train/benign/613.jpg,0,False
./archive/data/train/benign/614.jpg,0,False
./archive/data/train/benign/615.jpg,0,False
./archive/data/train/benign/616.jpg,0,False
./archive/data/train/benign/617.jpg,0,False
./archive/data/train/benign/618.jpg,0,False
./archive/data/train/benign/619.jpg,0,False
./archive/data/train/benign/62.jpg,0,False
./archive/data/train/benign/620.jpg,0,False
./archive/data/train/benign/621.jpg,0,False
./archive/data/train/benign/622.jpg,0,False
./archive/data/train/benign/625.jpg,0,False
./archive/data/train/benign/627.jpg,0,False
./archive/data/train/benign/628.jpg,0,False
./archive/data/train/benign/629.jpg,0,False
./archive/data/train/benign/630.jpg,0,False
./archive/data/train/benign/632.jpg,0,False
./archive/data/train/benign/633.jpg,0,False
./archive/data/train/benign/637.jpg,0,False
./archive/data/train/benign/638.jpg,0,False
./archive/data/train/benign/639.jpg,0,False
./archive/data/train/benign/64.jpg,0,False
./archive/data/train/benign/640.jpg,0,False
./archive/data/train/benign/641.jpg,0,False
./archive/data/train/benign/643.jpg,0,False
./archive/data/train/benign/645.jpg,0,False
./archive/data/train/benign/646.jpg,0,False
./archive/data/train/benign/648.jpg,0,False
./archive/data/train/benign/649.jpg,0,False
./archive/data/train/benign/65.jpg,0,False
./archive/data/train/benign/650.jpg,0,False
./archive/data/train/benign/651.jpg,0,False
./archive/data/train/benign/652.jpg,0,False
./archive/data/train/benign/653.jpg,0,False
./archive/data/train/benign/654.jpg,0,False
./archive/data/train/benign/655.jpg,0,False
./archive/data/train/benign/656.jpg,0,False
./archive/data/train/benign/657.jpg,0,False
./archive/data/train/benign/66.jpg,0,False
./archive/data/train/benign/661.jpg,0,False
./archive/data/train/benign/662.jpg,0,False
./archive/data/train/benign/665.jpg,0,False
./archive/data/train/benign/666.jpg,0,False
./archive/data/train/benign/667.jpg,0,False
./archive/data/train/benign/669.jpg,0,False
./archive/data/train/benign/67.jpg,0,False
./archive/data/train/benign/671.jpg,0,False
./archive/data/train/benign/672.jpg,0,False
./archive/data/train/benign/673.jpg,0,False
./archive/data/train/benign/674.jpg,0,False
./archive/data/train/benign/675.jpg,0,False
./archive/data/train/benign/677.jpg,0,False
./archive/data/train/benign/679.jpg,0,False
./archive/data/train/benign/68.jpg,0,False
./archive/data/train/benign/680.jpg,0,False
./archive/data/train/benign/682.jpg,0,False
./archive/data/train/benign/683.jpg,0,False
./archive/data/train/benign/684.jpg,0,False
./archive/data/train/benign/685.jpg,0,False
./archive/data/train/benign/686.jpg,0,False
./archive/data/train/benign/687.jpg,0,False
./archive/data/train/benign/688.jpg,0,False
./archive/data/train/benign/69.jpg,0,False
./archive/data/train/benign/691.jpg,0,False
./archive/data/train/benign/692.jpg,0,False
./archive/data/train/benign/693.jpg,0,False
./archive/data/train/benign/694.jpg,0,False
./archive/data/train/benign/695.jpg,0,False
./archive/data/train/benign/696.jpg,0,False
./archive/data/train/benign/697.jpg,0,False
./archive/data/train/benign/698.jpg,0,False
./archive/data/train/benign/699.jpg,0,False
./archive/data/train/benign/7.jpg,0,False
./archive/data/train/benign/70.jpg,0,False
./archive/data/train/benign/701.jpg,0,False
./archive/data/train/benign/702.jpg,0,False
./archive/data/train/benign/703.jpg,0,False
./archive/data/train/benign/704.jpg,0,False
./archive/data/train/benign/705.jpg,0,False
./archive/data/train/benign/706.jpg,0,False
./archive/data/train/benign/707.jpg,0,False
./archive/data/train/benign/708.jpg,0,False
./archive/data/train/benign/709.jpg,0,False
./archive/data/train/benign/710.jpg,0,False
./archive/data/train/benign/711.jpg,0,False
./archive/data/train/benign/713.jpg,0,False
./archive/data/train/benign/714.jpg,0,False
./archive/data/train/benign/715.jpg,0,False
./archive/data/train/benign/716.jpg,0,False
./archive/data/train/benign/718.jpg,0,False
./archive/data/train/benign/719.jpg,0,False
./archive/data/train/benign/72.jpg,0,False
./archive/data/train/benign/722.jpg,0,False
./archive/data/train/benign/723.jpg,0,False
./archive/data/train/benign/726.jpg,0,False
./archive/data/train/benign/727.jpg,0,False
./archive/data/train/benign/728.jpg,0,False
./archive/data/train/benign/729.jpg,0,False
./archive/data/train/benign/73.jpg,0,False
./archive/data/train/benign/730.jpg,0,False
./archive/data/train/benign/731.jpg,0,False
./archive/data/train/benign/732.jpg,0,False
./archive/data/train/benign/733.jpg,0,False
./archive/data/train/benign/734.jpg,0,False
./archive/data/train/benign/735.jpg,0,False
./archive/data/train/benign/736.jpg,0,False
./archive/data/train/benign/737.jpg,0,False
./archive/data/train/benign/738.jpg,0,False
./archive/data/train/benign/739.jpg,0,False
./archive/data/train/benign/740.jpg,0,False
./archive/data/train/benign/741.jpg,0,False
./archive/data/train/benign/742.jpg,0,False
./archive/data/train/benign/743.jpg,0,False
./archive/data/train/benign/744.jpg,0,False
./archive/data/train/benign/745.jpg,0,False
./archive/data/train/benign/746.jpg,0,False
./archive/data/train/benign/747.jpg,0,False
./archive/data/train/benign/748.jpg,0,False
./archive/data/train/benign/749.jpg,0,False
./archive/data/train/benign/75.jpg,0,False
./archive/data/train/benign/750.jpg,0,False
./archive/data/train/benign/752.jpg,0,False
./archive/data/train/benign/753.jpg,0,False
./archive/data/train/benign/754.jpg,0,False
./archive/data/train/benign/755.jpg,0,False
./archive/data/train/benign/756.jpg,0,False
./archive/data/train/benign/757.jpg,0,False
./archive/data/train/benign/759.jpg,0,False
./archive/data/train/benign/76.jpg,0,False
./archive/data/train/benign/760.jpg,0,False
./archive/data/train/benign/761.jpg,0,False
./archive/data/train/benign/764.jpg,0,False
./archive/data/train/benign/765.jpg,0,False
./archive/data/train/benign/766.jpg,0,False
./archive/data/train/benign/767.jpg,0,False
./archive/data/train/benign/769.jpg,0,False
./archive/data/train/benign/77.jpg,0,False
./archive/data/train/benign/771.jpg,0,False
./archive/data/train/benign/772.jpg,0,False
./archive/data/train/benign/775.jpg,0,False
./archive/data/train/benign/776.jpg,0,False
./archive/data/train/benign/777.jpg,0,False
./archive/data/train/benign/779.jpg,0,False
./archive/data/train/benign/78.jpg,0,False
./archive/data/train/benign/780.jpg,0,False
./archive/data/train/benign/781.jpg,0,False
./archive/data/train/benign/782.jpg,0,False
./archive/data/train/benign/783.jpg,0,False
./archive/data/train/benign/784.jpg,0,False
./archive/data/train/benign/785.jpg,0,False
./archive/data/train/benign/786.jpg,0,False
./archive/data/train/benign/787.jpg,0,False
./archive/data/train/benign/788.jpg,0,False
./archive/data/train/benign/789.jpg,0,False
./archive/data/train/benign/79.jpg,0,False
./archive/data/train/benign/791.jpg,0,False
./archive/data/train/benign/792.jpg,0,False
./archive/data/train/benign/793.jpg,0,False
./archive/data/train/benign/794.jpg,0,False
./archive/data/train/benign/795.jpg,0,False
./archive/data/train/benign/796.jpg,0,False
./archive/data/train/benign/797.jpg,0,False
./archive/data/train/benign/798.jpg,0,False
./archive/data/train/benign/799.jpg,0,False
./archive/data/train/benign/80.jpg,0,False
./archive/data/train/benign/800.jpg,0,False
./archive/data/train/benign/801.jpg,0,False
./archive/data/train/benign/803.jpg,0,False
./archive/data/train/benign/804.jpg,0,False
./archive/data/train/benign/807.jpg,0,False
./archive/data/train/benign/808.jpg,0,False
./archive/data/train/benign/809.jpg,0,False
./archive/data/train/benign/81.jpg,0,False
./archive/data/train/benign/810.jpg,0,False
./archive/data/train/benign/811.jpg,0,False
./archive/data/train/benign/812.jpg,0,False
./archive/data/train/benign/814.jpg,0,False
./archive/data/train/benign/815.jpg,0,False
./archive/data/train/benign/816.jpg,0,False
./archive/data/train/benign/817.jpg,0,False
./archive/data/train/benign/818.jpg,0,False
./archive/data/train/benign/82.jpg,0,False
./archive/data/train/benign/821.jpg,0,False
./archive/data/train/benign/822.jpg,0,False
./archive/data/train/benign/827.jpg,0,False
./archive/data/train/benign/829.jpg,0,False
./archive/data/train/benign/831.jpg,0,False
./archive/data/train/benign/832.jpg,0,False
./archive/data/train/benign/833.jpg,0,False
./archive/data/train/benign/834.jpg,0,False
./archive/data/train/benign/835.jpg,0,False
./archive/data/train/benign/836.jpg,0,False
./archive/data/train/benign/837.jpg,0,False
./archive/data/train/benign/838.jpg,0,False
./archive/data/train/benign/839.jpg,0,False
./archive/data/train/benign/841.jpg,0,False
./archive/data/train/benign/842.jpg,0,False
./archive/data/train/benign/843.jpg,0,False
./archive/data/train/benign/844.jpg,0,False
./archive/data/train/benign/845.jpg,0,False
./archive/data/train/benign/846.jpg,0,False
./archive/data/train/benign/847.jpg,0,False
./archive/data/train/benign/848.jpg,0,False
./archive/data/train/benign/849.jpg,0,False
./archive/data/train/benign/85.jpg,0,False
./archive/data/train/benign/850.jpg,0,False
./archive/data/train/benign/851.jpg,0,False
./archive/data/train/benign/852.jpg,0,False
./archive/data/train/benign/853.jpg,0,False
./archive/data/train/benign/855.jpg,0,False
./archive/data/train/benign/856.jpg,0,False
./archive/data/train/benign/857.jpg,0,False
./archive/data/train/benign/858.jpg,0,False
./archive/data/train/benign/859.jpg,0,False
./archive/data/train/benign/86.jpg,0,False
./archive/data/train/benign/860.jpg,0,False
./archive/data/train/benign/861.jpg,0,False
./archive/data/train/benign/862.jpg,0,False
./archive/data/train/benign/863.jpg,0,False
./archive/data/train/benign/864.jpg,0,False
./archive/data/train/benign/865.jpg,0,False
./archive/data/train/benign/866.jpg,0,False
./archive/data/train/benign/867.jpg,0,False
./archive/data/train/benign/868.jpg,0,False
./archive/data/train/benign/87.jpg,0,False
./archive/data/train/benign/870.jpg,0,False
./archive/data/train/benign/871.jpg,0,False
./archive/data/train/benign/872.jpg,0,False
./archive/data/train/benign/873.jpg,0,False
./archive/data/train/benign/875.jpg,0,False
./archive/data/train/benign/876.jpg,0,False
./archive/data/train/benign/877.jpg,0,False
./archive/data/train/benign/879.jpg,0,False
./archive/data/train/benign/881.jpg,0,False
./archive/data/train/benign/882.jpg,0,False
./archive/data/train/benign/883.jpg,0,False
./archive/data/train/benign/884.jpg,0,False
./archive/data/train/benign/885.jpg,0,False
./archive/data/train/benign/886.jpg,0,False
./archive/data/train/benign/889.jpg,0,False
./archive/data/train/benign/89.jpg,0,False
./archive/data/train/benign/890.jpg,0,False
./archive/data/train/benign/891.jpg,0,False
./archive/data/train/benign/896.jpg,0,False
./archive/data/train/benign/897.jpg,0,False
./archive/data/train/benign/898.jpg,0,False
./archive/data/train/benign/899.jpg,0,False
./archive/data/train/benign/900.jpg,0,False
./archive/data/train/benign/901.jpg,0,False
./archive/data/train/benign/902.jpg,0,False
./archive/data/train/benign/904.jpg,0,False
./archive/data/train/benign/905.jpg,0,False
./archive/data/train/benign/907.jpg,0,False
./archive/data/train/benign/908.jpg,0,False
./archive/data/train/benign/91.jpg,0,False
./archive/data/train/benign/910.jpg,0,False
./archive/data/train/benign/911.jpg,0,False
./archive/data/train/benign/913.jpg,0,False
./archive/data/train/benign/914.jpg,0,False
./archive/data/train/benign/915.jpg,0,False
./archive/data/train/benign/917.jpg,0,False
./archive/data/train/benign/918.jpg,0,False
./archive/data/train/benign/92.jpg,0,False
./archive/data/train/benign/920.jpg,0,False
./archive/data/train/benign/921.jpg,0,False
./archive/data/train/benign/922.jpg,0,False
./archive/data/train/benign/923.jpg,0,False
./archive/data/train/benign/924.jpg,0,False
./archive/data/train/benign/926.jpg,0,False
./archive/data/train/benign/927.jpg,0,False
./archive/data/train/benign/928.jpg,0,False
./archive/data/train/benign/929.jpg,0,False
./archive/data/train/benign/93.jpg,0,False
./archive/data/train/benign/930.jpg,0,False
./archive/data/train/benign/931.jpg,0,False
./archive/data/train/benign/932.jpg,0,False
./archive/data/train/benign/933.jpg,0,False
./archive/data/train/benign/934.jpg,0,False
./archive/data/train/benign/935.jpg,0,False
./archive/data/train/benign/937.jpg,0,False
./archive/data/train/benign/938.jpg,0,False
./archive/data/train/benign/939.jpg,0,False
./archive/data/train/benign/94.jpg,0,False
./archive/data/train/benign/940.jpg,0,False
./archive/data/train/benign/941.jpg,0,False
./archive/data/train/benign/942.jpg,0,False
./archive/data/train/benign/945.jpg,0,False
./archive/data/train/benign/947.jpg,0,False
./archive/data/train/benign/948.jpg,0,False
./archive/data/train/benign/949.jpg,0,False
./archive/data/train/benign/950.jpg,0,False
./archive/data/train/benign/951.jpg,0,False
./archive/data/train/benign/952.jpg,0,False
./archive/data/train/benign/953.jpg,0,False
./archive/data/train/benign/954.jpg,0,False
./archive/data/train/benign/955.jpg,0,False
./archive/data/train/benign/956.jpg,0,False
./archive/data/train/benign/957.jpg,0,False
./archive/data/train/benign/959.jpg,0,False
./archive/data/train/benign/96.jpg,0,False
./archive/data/train/benign/960.jpg,0,False
./archive/data/train/benign/961.jpg,0,False
./archive/data/train/benign/963.jpg,0,False
./archive/data/train/benign/965.jpg,0,False
./archive/data/train/benign/966.jpg,0,False
./archive/data/train/benign/967.jpg,0,False
./archive/data/train/benign/968.jpg,0,False
./archive/data/train/benign/969.jpg,0,False
./archive/data/train/benign/970.jpg,0,False
./archive/data/train/benign/971.jpg,0,False
./archive/data/train/benign/973.jpg,0,False
./archive/data/train/benign/974.jpg,0,False
./archive/data/train/benign/975.jpg,0,False
./archive/data/train/benign/976.jpg,0,False
./archive/data/train/benign/977.jpg,0,False
./archive/data/train/benign/978.jpg,0,False
./archive/data/train/benign/979.jpg,0,False
./archive/data/train/benign/980.jpg,0,False
./archive/data/train/benign/981.jpg,0,False
./archive/data/train/benign/983.jpg,0,False
./archive/data/train/benign/984.jpg,0,False
./archive/data/train/benign/985.jpg,0,False
./archive/data/train/benign/986.jpg,0,False
./archive/data/train/benign/987.jpg,0,False
./archive/data/train/benign/988.jpg,0,False
./archive/data/train/benign/989.jpg,0,False
./archive/data/train/benign/99.jpg,0,False
./archive/data/train/benign/990.jpg,0,False
./archive/data/train/benign/991.jpg,0,False
./archive/data/train/benign/992.jpg,0,False
./archive/data/train/benign/994.jpg,0,False
./archive/data/train/benign/995.jpg,0,False
./archive/data/train/benign/996.jpg,0,False
./archive/data/train/benign/997.jpg,0,False
./archive/data/train/benign/999.jpg,0,False
./archive/data/train/malignant/10.jpg,1,False
./archive/data/train/malignant/100.jpg,1,False
./archive/data/train/malignant/1000.jpg,1,False
./archive/data/train/malignant/1001.jpg,1,False
./archive/data/train/malignant/1002.jpg,1,False
./archive/data/train/malignant/1004.jpg,1,False
./archive/data/train/malignant/1006.jpg,1,False
./archive/data/train/malignant/1008.jpg,1,False
./archive/data/train/malignant/101.jpg,1,False
./archive/data/train/malignant/1010.jpg,1,False
./archive/data/train/malignant/1011.jpg,1,False
./archive/data/train/malignant/1013.jpg,1,False
./archive/data/train/malignant/1014.jpg,1,False
./archive/data/train/malignant/1015.jpg,1,False
./archive/data/train/malignant/1016.jpg,1,False
./archive/data/train/malignant/1017.jpg,1,False
./archive/data/train/malignant/1018.jpg,1,False
./archive/data/train/malignant/102.jpg,1,False
./archive/data/train/malignant/1020.jpg,1,False
./archive/data/train/malignant/1021.jpg,1,False
./archive/data/train/malignant/1023.jpg,1,False
./archive/data/train/malignant/1024.jpg,1,False
./archive/data/train/malignant/1025.jpg,1,False
./archive/data/train/malignant/1028.jpg,1,False
./archive/data/train/malignant/1029.jpg,1,False
./archive/data/train/malignant/103.jpg,1,False
./archive/data/train/malignant/1030.jpg,1,False
./archive/data/train/malignant/1031.jpg,1,False
./archive/data/train/malignant/1032.jpg,1,False
./archive/data/train/malignant/1033.jpg,1,False
./archive/data/train/malignant/1034.jpg,1,False
./archive/data/train/malignant/1035.jpg,1,False
./archive/data/train/malignant/1036.jpg,1,False
./archive/data/train/malignant/1039.jpg,1,False
./archive/data/train/malignant/104.jpg,1,False
./archive/data/train/malignant/1040.jpg,1,False
./archive/data/train/malignant/1041.jpg,1,False
./archive/data/train/malignant/1042.jpg,1,False
./archive/data/train/malignant/1043.jpg,1,False
./archive/data/train/malignant/1044.jpg,1,False
./archive/data/train/malignant/1045.jpg,1,False
./archive/data/train/malignant/1047.jpg,1,False
./archive/data/train/malignant/1048.jpg,1,False
./archive/data/train/malignant/105.jpg,1,False
./archive/data/train/malignant/1050.jpg,1,False
./archive/data/train/malignant/1051.jpg,1,False
./archive/data/train/malignant/1052.jpg,1,False
./archive/data/train/malignant/1053.jpg,1,False
./archive/data/train/malignant/1054.jpg,1,False
./archive/data/train/malignant/1055.jpg,1,False
./archive/data/train/malignant/1057.jpg,1,False
./archive/data/train/malignant/1059.jpg,1,False
./archive/data/train/malignant/106.jpg,1,False
./archive/data/train/malignant/1060.jpg,1,False
./archive/data/train/malignant/1061.jpg,1,False
./archive/data/train/malignant/1062.jpg,1,False
./archive/data/train/malignant/1063.jpg,1,False
./archive/data/train/malignant/1064.jpg,1,False
./archive/data/train/malignant/1066.jpg,1,False
./archive/data/train/malignant/1067.jpg,1,False
./archive/data/train/malignant/1068.jpg,1,False
./archive/data/train/malignant/1069.jpg,1,False
./archive/data/train/malignant/107.jpg,1,False
./archive/data/train/malignant/1070.jpg,1,False
./archive/data/train/malignant/1071.jpg,1,False
./archive/data/train/malignant/1072.jpg,1,False
./archive/data/train/malignant/1073.jpg,1,False
./archive/data/train/malignant/1075.jpg,1,False
./archive/data/train/malignant/1076.jpg,1,False
./archive/data/train/malignant/1077.jpg,1,False
./archive/data/train/malignant/1078.jpg,1,False
./archive/data/train/malignant/1079.jpg,1,False
./archive/data/train/malignant/108.jpg,1,False
./archive/data/train/malignant/1081.jpg,1,False
./archive/data/train/malignant/1082.jpg,1,False
./archive/data/train/malignant/1084.jpg,1,False
./archive/data/train/malignant/1085.jpg,1,False
./archive/data/train/malignant/1086.jpg,1,False
./archive/data/train/malignant/1087.jpg,1,False
./archive/data/train/malignant/1088.jpg,1,False
./archive/data/train/malignant/109.jpg,1,False
./archive/data/train/malignant/1090.jpg,1,False
./archive/data/train/malignant/1092.jpg,1,False
./archive/data/train/malignant/1093.jpg,1,False
./archive/data/train/malignant/1095.jpg,1,False
./archive/data/train/malignant/1096.jpg,1,False
./archive/data/train/malignant/1097.jpg,1,False
./archive/data/train/malignant/1098.jpg,1,False
./archive/data/train/malignant/1099.jpg,1,False
./archive/data/train/malignant/11.jpg,1,False
./archive/data/train/malignant/1100.jpg,1,False
./archive/data/train/malignant/1101.jpg,1,False
./archive/data/train/malignant/1102.jpg,1,False
./archive/data/train/malignant/1103.jpg,1,False
./archive/data/train/malignant/1104.jpg,1,False
./archive/data/train/malignant/1105.jpg,1,False
./archive/data/train/malignant/1106.jpg,1,False
./archive/data/train/malignant/1107.jpg,1,False
./archive/data/train/malignant/1108.jpg,1,False
./archive/data/train/malignant/1109.jpg,1,False
./archive/data/train/malignant/111.jpg,1,False
./archive/data/train/malignant/1110.jpg,1,False
./archive/data/train/malignant/1111.jpg,1,False
./archive/data/train/malignant/1114.jpg,1,False
./archive/data/train/malignant/1115.jpg,1,False
./archive/data/train/malignant/1116.jpg,1,False
./archive/data/train/malignant/1117.jpg,1,False
./archive/data/train/malignant/1118.jpg,1,False
./archive/data/train/malignant/112.jpg,1,False
./archive/data/train/malignant/1121.jpg,1,False
./archive/data/train/malignant/1122.jpg,1,False
./archive/data/train/malignant/1123.jpg,1,False
./archive/data/train/malignant/1124.jpg,1,False
./archive/data/train/malignant/1125.jpg,1,False
./archive/data/train/malignant/1126.jpg,1,False
./archive/data/train/malignant/1127.jpg,1,False
./archive/data/train/malignant/1129.jpg,1,False
./archive/data/train/malignant/113.jpg,1,False
./archive/data/train/malignant/1130.jpg,1,False
./archive/data/train/malignant/1131.jpg,1,False
./archive/data/train/malignant/1132.jpg,1,False
./archive/data/train/malignant/1133.jpg,1,False
./archive/data/train/malignant/1134.jpg,1,False
./archive/data/train/malignant/1136.jpg,1,False
./archive/data/train/malignant/1137.jpg,1,False
./archive/data/train/malignant/1138.jpg,1,False
./archive/data/train/malignant/1139.jpg,1,False
./archive/data/train/malignant/114.jpg,1,False
./archive/data/train/malignant/1140.jpg,1,False
./archive/data/train/malignant/1142.jpg,1,False
./archive/data/train/malignant/1143.jpg,1,False
./archive/data/train/malignant/1144.jpg,1,False
./archive/data/train/malignant/1145.jpg,1,False
./archive/data/train/malignant/1146.jpg,1,False
./archive/data/train/malignant/1147.jpg,1,False
./archive/data/train/malignant/1148.jpg,1,False
./archive/data/train/malignant/1149.jpg,1,False
./archive/data/train/malignant/115.jpg,1,False
./archive/data/train/malignant/1152.jpg,1,False
./archive/data/train/malignant/1153.jpg,1,False
./archive/data/train/malignant/1154.jpg,1,False
./archive/data/train/malignant/1157.jpg,1,False
./archive/data/train/malignant/1158.jpg,1,False
./archive/data/train/malignant/1159.jpg,1,False
./archive/data/train/malignant/116.jpg,1,False
./archive/data/train/malignant/1161.jpg,1,False
./archive/data/train/malignant/1162.jpg,1,False
./archive/data/train/malignant/1163.jpg,1,False
./archive/data/train/malignant/1165.jpg,1,False
./archive/data/train/malignant/1167.jpg,1,False
./archive/data/train/malignant/1168.jpg,1,False
./archive/data/train/malignant/1169.jpg,1,False
./archive/data/train/malignant/117.jpg,1,False
./archive/data/train/malignant/1171.jpg,1,False
./archive/data/train/malignant/1172.jpg,1,False
./archive/data/train/malignant/1174.jpg,1,False
./archive/data/train/malignant/1175.jpg,1,False
./archive/data/train/malignant/1177.jpg,1,False
./archive/data/train/malignant/1178.jpg,1,False
./archive/data/train/malignant/1179.jpg,1,False
./archive/data/train/malignant/118.jpg,1,False
./archive/data/train/malignant/1180.jpg,1,False
./archive/data/train/malignant/1181.jpg,1,False
./archive/data/train/malignant/1182.jpg,1,False
./archive/data/train/malignant/1183.jpg,1,False
./archive/data/train/malignant/1184.jpg,1,False
./archive/data/train/malignant/1188.jpg,1,False
./archive/data/train/malignant/119.jpg,1,False
./archive/data/train/malignant/1190.jpg,1,False
./archive/data/train/malignant/1191.jpg,1,False
./archive/data/train/malignant/1192.jpg,1,False
./archive/data/train/malignant/1193.jpg,1,False
./archive/data/train/malignant/1195.jpg,1,False
./archive/data/train/malignant/1196.jpg,1,False
./archive/data/train/malignant/1199.jpg,1,False
./archive/data/train/malignant/12.jpg,1,False
./archive/data/train/malignant/120.jpg,1,False
./archive/data/train/malignant/1200.jpg,1,False
./archive/data/train/malignant/1201.jpg,1,False
./archive/data/train/malignant/1202.jpg,1,False
./archive/data/train/malignant/1203.jpg,1,False
./archive/data/train/malignant/1204.jpg,1,False
./archive/data/train/malignant/1205.jpg,1,False
./archive/data/train/malignant/1206.jpg,1,False
./archive/data/train/malignant/1207.jpg,1,False
./archive/data/train/malignant/1208.jpg,1,False
./archive/data/train/malignant/1209.jpg,1,False
./archive/data/train/malignant/121.jpg,1,False
./archive/data/train/malignant/1210.jpg,1,False
./archive/data/train/malignant/1212.jpg,1,False
./archive/data/train/malignant/1213.jpg,1,False
./archive/data/train/malignant/1214.jpg,1,False
./archive/data/train/malignant/1217.jpg,1,False
./archive/data/train/malignant/1219.jpg,1,False
./archive/data/train/malignant/122.jpg,1,False
./archive/data/train/malignant/1222.jpg,1,False
./archive/data/train/malignant/1223.jpg,1,False
./archive/data/train/malignant/1224.jpg,1,False
./archive/data/train/malignant/1225.jpg,1,False
./archive/data/train/malignant/1226.jpg,1,False
./archive/data/train/malignant/123.jpg,1,False
./archive/data/train/malignant/1230.jpg,1,False
./archive/data/train/malignant/1231.jpg,1,False
./archive/data/train/malignant/1232.jpg,1,False
./archive/data/train/malignant/1233.jpg,1,False
./archive/data/train/malignant/1235.jpg,1,False
./archive/data/train/malignant/1236.jpg,1,False
./archive/data/train/malignant/1237.jpg,1,False
./archive/data/train/malignant/1239.jpg,1,False
./archive/data/train/malignant/124.jpg,1,False
./archive/data/train/malignant/1240.jpg,1,False
./archive/data/train/malignant/1241.jpg,1,False
./archive/data/train/malignant/1243.jpg,1,False
./archive/data/train/malignant/1244.jpg,1,False
./archive/data/train/malignant/1245.jpg,1,False
./archive/data/train/malignant/1246.jpg,1,False
./archive/data/train/malignant/1247.jpg,1,False
./archive/data/train/malignant/1248.jpg,1,False
./archive/data/train/malignant/1249.jpg,1,False
./archive/data/train/malignant/125.jpg,1,False
./archive/data/train/malignant/1250.jpg,1,False
./archive/data/train/malignant/1252.jpg,1,False
./archive/data/train/malignant/1253.jpg,1,False
./archive/data/train/malignant/1255.jpg,1,False
./archive/data/train/malignant/1257.jpg,1,False
./archive/data/train/malignant/1258.jpg,1,False
./archive/data/train/malignant/1259.jpg,1,False
./archive/data/train/malignant/126.jpg,1,False
./archive/data/train/malignant/1260.jpg,1,False
./archive/data/train/malignant/1261.jpg,1,False
./archive/data/train/malignant/1263.jpg,1,False
./archive/data/train/malignant/1264.jpg,1,False
./archive/data/train/malignant/1265.jpg,1,False
./archive/data/train/malignant/1269.jpg,1,False
./archive/data/train/malignant/127.jpg,1,False
./archive/data/train/malignant/1270.jpg,1,False
./archive/data/train/malignant/1271.jpg,1,False
./archive/data/train/malignant/1272.jpg,1,False
./archive/data/train/malignant/1273.jpg,1,False
./archive/data/train/malignant/1274.jpg,1,False
./archive/data/train/malignant/1275.jpg,1,False
./archive/data/train/malignant/1276.jpg,1,False
./archive/data/train/malignant/1277.jpg,1,False
./archive/data/train/malignant/1278.jpg,1,False
./archive/data/train/malignant/1279.jpg,1,False
./archive/data/train/malignant/128.jpg,1,False
./archive/data/train/malignant/1281.jpg,1,False
./archive/data/train/malignant/1282.jpg,1,False
./archive/data/train/malignant/1283.jpg,1,False
./archive/data/train/malignant/1284.jpg,1,False
./archive/data/train/malignant/1285.jpg,1,False
./archive/data/train/malignant/1287.jpg,1,False
./archive/data/train/malignant/1288.jpg,1,False
./archive/data/train/malignant/1290.jpg,1,False
./archive/data/train/malignant/1291.jpg,1,False
./archive/data/train/malignant/1293.jpg,1,False
./archive/data/train/malignant/1294.jpg,1,False
./archive/data/train/malignant/1296.jpg,1,False
./archive/data/train/malignant/1298.jpg,1,False
./archive/data/train/malignant/1299.jpg,1,False
./archive/data/train/malignant/130.jpg,1,False
./archive/data/train/malignant/1301.jpg,1,False
./archive/data/train/malignant/1302.jpg,1,False
./archive/data/train/malignant/1303.jpg,1,False
./archive/data/train/malignant/1304.jpg,1,False
./archive/data/train/malignant/1305.jpg,1,False
./archive/data/train/malignant/1306.jpg,1,False
./archive/data/train/malignant/1307.jpg,1,False
./archive/data/train/malignant/1308.jpg,1,False
./archive/data/train/malignant/1309.jpg,1,False
./archive/data/train/malignant/131.jpg,1,False
./archive/data/train/malignant/1311.jpg,1,False
./archive/data/train/malignant/1312.jpg,1,False
./archive/data/train/malignant/1313.jpg,1,False
./archive/data/train/malignant/1314.jpg,1,False
./archive/data/train/malignant/1315.jpg,1,False
./archive/data/train/malignant/1316.jpg,1,False
./archive/data/train/malignant/1317.jpg,1,False
./archive/data/train/malignant/1318.jpg,1,False
./archive/data/train/malignant/1319.jpg,1,False
./archive/data/train/malignant/132.jpg,1,False
./archive/data/train/malignant/1321.jpg,1,False
./archive/data/train/malignant/1323.jpg,1,False
./archive/data/train/malignant/1324.jpg,1,False
./archive/data/train/malignant/1325.jpg,1,False
./archive/data/train/malignant/1326.jpg,1,False
./archive/data/train/malignant/1327.jpg,1,False
./archive/data/train/malignant/1328.jpg,1,False
./archive/data/train/malignant/1329.jpg,1,False
./archive/data/train/malignant/133.jpg,1,False
./archive/data/train/malignant/1331.jpg,1,False
./archive/data/train/malignant/1332.jpg,1,False
./archive/data/train/malignant/1334.jpg,1,False
./archive/data/train/malignant/1335.jpg,1,False
./archive/data/train/malignant/1337.jpg,1,False
./archive/data/train/malignant/1338.jpg,1,False
./archive/data/train/malignant/134.jpg,1,False
./archive/data/train/malignant/1340.jpg,1,False
./archive/data/train/malignant/1341.jpg,1,False
./archive/data/train/malignant/1343.jpg,1,False
./archive/data/train/malignant/1344.jpg,1,False
./archive/data/train/malignant/1345.jpg,1,False
./archive/data/train/malignant/1346.jpg,1,False
./archive/data/train/malignant/1348.jpg,1,False
./archive/data/train/malignant/1349.jpg,1,False
./archive/data/train/malignant/135.jpg,1,False
./archive/data/train/malignant/1350.jpg,1,False
./archive/data/train/malignant/1351.jpg,1,False
./archive/data/train/malignant/1352.jpg,1,False
./archive/data/train/malignant/1353.jpg,1,False
./archive/data/train/malignant/1356.jpg,1,False
./archive/data/train/malignant/1357.jpg,1,False
./archive/data/train/malignant/136.jpg,1,False
./archive/data/train/malignant/1360.jpg,1,False
./archive/data/train/malignant/1361.jpg,1,False
./archive/data/train/malignant/1362.jpg,1,False
./archive/data/train/malignant/1363.jpg,1,False
./archive/data/train/malignant/1365.jpg,1,False
./archive/data/train/malignant/1367.jpg,1,False
./archive/data/train/malignant/1368.jpg,1,False
./archive/data/train/malignant/1369.jpg,1,False
./archive/data/train/malignant/137.jpg,1,False
./archive/data/train/malignant/1371.jpg,1,False
./archive/data/train/malignant/1372.jpg,1,False
./archive/data/train/malignant/1373.jpg,1,False
./archive/data/train/malignant/1375.jpg,1,False
./archive/data/train/malignant/1376.jpg,1,False
./archive/data/train/malignant/1377.jpg,1,False
./archive/data/train/malignant/138.jpg,1,False
./archive/data/train/malignant/1381.jpg,1,False
./archive/data/train/malignant/1384.jpg,1,False
./archive/data/train/malignant/1385.jpg,1,False
./archive/data/train/malignant/1386.jpg,1,False
./archive/data/train/malignant/1387.jpg,1,False
./archive/data/train/malignant/1388.jpg,1,False
./archive/data/train/malignant/1389.jpg,1,False
./archive/data/train/malignant/1390.jpg,1,False
./archive/data/train/malignant/1391.jpg,1,False
./archive/data/train/malignant/1392.jpg,1,False
./archive/data/train/malignant/1393.jpg,1,False
./archive/data/train/malignant/1394.jpg,1,False
./archive/data/train/malignant/1396.jpg,1,False
./archive/data/train/malignant/1397.jpg,1,False
./archive/data/train/malignant/1398.jpg,1,False
./archive/data/train/malignant/1399.jpg,1,False
./archive/data/train/malignant/14.jpg,1,False
./archive/data/train/malignant/140.jpg,1,False
./archive/data/train/malignant/1400.jpg,1,False
./archive/data/train/malignant/1403.jpg,1,False
./archive/data/train/malignant/1404.jpg,1,False
./archive/data/train/malignant/1405.jpg,1,False
./archive/data/train/malignant/1406.jpg,1,False
./archive/data/train/malignant/1407.jpg,1,False
./archive/data/train/malignant/1408.jpg,1,False
./archive/data/train/malignant/1409.jpg,1,False
./archive/data/train/malignant/141.jpg,1,False
./archive/data/train/malignant/1410.jpg,1,False
./archive/data/train/malignant/1411.jpg,1,False
./archive/data/train/malignant/1412.jpg,1,False
./archive/data/train/malignant/1413.jpg,1,False
./archive/data/train/malignant/1414.jpg,1,False
./archive/data/train/malignant/1415.jpg,1,False
./archive/data/train/malignant/1416.jpg,1,False
./archive/data/train/malignant/1418.jpg,1,False
./archive/data/train/malignant/1419.jpg,1,False
./archive/data/train/malignant/142.jpg,1,False
./archive/data/train/malignant/1420.jpg,1,False
./archive/data/train/malignant/1421.jpg,1,False
./archive/data/train/malignant/1423.jpg,1,False
./archive/data/train/malignant/1424.jpg,1,False
./archive/data/train/malignant/1426.jpg,1,False
./archive/data/train/malignant/1428.jpg,1,False
./archive/data/train/malignant/1429.jpg,1,False
./archive/data/train/malignant/143.jpg,1,False
./archive/data/train/malignant/1431.jpg,1,False
./archive/data/train/malignant/1432.jpg,1,False
./archive/data/train/malignant/1433.jpg,1,False
./archive/data/train/malignant/1434.jpg,1,False
./archive/data/train/malignant/1435.jpg,1,False
./archive/data/train/malignant/1437.jpg,1,False
./archive/data/train/malignant/1439.jpg,1,False
./archive/data/train/malignant/144.jpg,1,False
./archive/data/train/malignant/1440.jpg,1,False
./archive/data/train/malignant/1441.jpg,1,False
./archive/data/train/malignant/1442.jpg,1,False
./archive/data/train/malignant/1444.jpg,1,False
./archive/data/train/malignant/1445.jpg,1,False
./archive/data/train/malignant/1446.jpg,1,False
./archive/data/train/malignant/1448.jpg,1,False
./archive/data/train/malignant/1449.jpg,1,False
./archive/data/train/malignant/145.jpg,1,False
./archive/data/train/malignant/1450.jpg,1,False
./archive/data/train/malignant/1452.jpg,1,False
./archive/data/train/malignant/1453.jpg,1,False
./archive/data/train/malignant/1454.jpg,1,False
./archive/data/train/malignant/1455.jpg,1,False
./archive/data/train/malignant/1456.jpg,1,False
./archive/data/train/malignant/1457.jpg,1,False
./archive/data/train/malignant/1458.jpg,1,False
./archive/data/train/malignant/1459.jpg,1,False
./archive/data/train/malignant/146.jpg,1,False
./archive/data/train/malignant/1460.jpg,1,False
./archive/data/train/malignant/1462.jpg,1,False
./archive/data/train/malignant/1463.jpg,1,False
./archive/data/train/malignant/1465.jpg,1,False
./archive/data/train/malignant/1466.jpg,1,False
./archive/data/train/malignant/1467.jpg,1,False
./archive/data/train/malignant/1468.jpg,1,False
./archive/data/train/malignant/1469.jpg,1,False
./archive/data/train/malignant/147.jpg,1,False
./archive/data/train/malignant/1470.jpg,1,False
./archive/data/train/malignant/1471.jpg,1,False
./archive/data/train/malignant/1472.jpg,1,False
./archive/data/train/malignant/1473.jpg,1,False
./archive/data/train/malignant/1474.jpg,1,False
./archive/data/train/malignant/1475.jpg,1,False
./archive/data/train/malignant/1476.jpg,1,False
./archive/data/train/malignant/1477.jpg,1,False
./archive/data/train/malignant/1478.jpg,1,False
./archive/data/train/malignant/1479.jpg,1,False
./archive/data/train/malignant/148.jpg,1,False
./archive/data/train/malignant/1480.jpg,1,False
./archive/data/train/malignant/1481.jpg,1,False
./archive/data/train/malignant/1482.jpg,1,False
./archive/data/train/malignant/1483.jpg,1,False
./archive/data/train/malignant/1485.jpg,1,False
./archive/data/train/malignant/1486.jpg,1,False
./archive/data/train/malignant/1487.jpg,1,False
./archive/data/train/malignant/1488.jpg,1,False
./archive/data/train/malignant/149.jpg,1,False
./archive/data/train/malignant/1490.jpg,1,False
./archive/data/train/malignant/1491.jpg,1,False
./archive/data/train/malignant/1492.jpg,1,False
./archive/data/train/malignant/1493.jpg,1,False
./archive/data/train/malignant/1494.jpg,1,False
./archive/data/train/malignant/1496.jpg,1,False
./archive/data/train/malignant/1497.jpg,1,False
./archive/data/train/malignant/1498.jpg,1,False
./archive/data/train/malignant/15.jpg,1,False
./archive/data/train/malignant/150.jpg,1,False
./archive/data/train/malignant/1500.jpg,1,False
./archive/data/train/malignant/151.jpg,1,False
./archive/data/train/malignant/152.jpg,1,False
./archive/data/train/malignant/153.jpg,1,False
./archive/data/train/malignant/154.jpg,1,False
./archive/data/train/malignant/155.jpg,1,False
./archive/data/train/malignant/157.jpg,1,False
./archive/data/train/malignant/158.jpg,1,False
./archive/data/train/malignant/159.jpg,1,False
./archive/data/train/malignant/16.jpg,1,False
./archive/data/train/malignant/160.jpg,1,False
./archive/data/train/malignant/162.jpg,1,False
./archive/data/train/malignant/163.jpg,1,False
./archive/data/train/malignant/164.jpg,1,False
./archive/data/train/malignant/165.jpg,1,False
./archive/data/train/malignant/166.jpg,1,False
./archive/data/train/malignant/167.jpg,1,False
./archive/data/train/malignant/168.jpg,1,False
./archive/data/train/malignant/169.jpg,1,False
./archive/data/train/malignant/170.jpg,1,False
./archive/data/train/malignant/171.jpg,1,False
./archive/data/train/malignant/172.jpg,1,False
./archive/data/train/malignant/174.jpg,1,False
./archive/data/train/malignant/175.jpg,1,False
./archive/data/train/malignant/176.jpg,1,False
./archive/data/train/malignant/177.jpg,1,False
./archive/data/train/malignant/178.jpg,1,False
./archive/data/train/malignant/18.jpg,1,False
./archive/data/train/malignant/180.jpg,1,False
./archive/data/train/malignant/181.jpg,1,False
./archive/data/train/malignant/183.jpg,1,False
./archive/data/train/malignant/187.jpg,1,False
./archive/data/train/malignant/188.jpg,1,False
./archive/data/train/malignant/189.jpg,1,False
./archive/data/train/malignant/19.jpg,1,False
./archive/data/train/malignant/191.jpg,1,False
./archive/data/train/malignant/192.jpg,1,False
./archive/data/train/malignant/194.jpg,1,False
./archive/data/train/malignant/197.jpg,1,False
./archive/data/train/malignant/198.jpg,1,False
./archive/data/train/malignant/199.jpg,1,False
./archive/data/train/malignant/2.jpg,1,False
./archive/data/train/malignant/20.jpg,1,False
./archive/data/train/malignant/201.jpg,1,False
./archive/data/train/malignant/202.jpg,1,False
./archive/data/train/malignant/203.jpg,1,False
./archive/data/train/malignant/204.jpg,1,False
./archive/data/train/malignant/205.jpg,1,False
./archive/data/train/malignant/206.jpg,1,False
./archive/data/train/malignant/207.jpg,1,False
./archive/data/train/malignant/209.jpg,1,False
./archive/data/train/malignant/21.jpg,1,False
./archive/data/train/malignant/210.jpg,1,False
./archive/data/train/malignant/211.jpg,1,False
./archive/data/train/malignant/212.jpg,1,False
./archive/data/train/malignant/213.jpg,1,False
./archive/data/train/malignant/214.jpg,1,False
./archive/data/train/malignant/215.jpg,1,False
./archive/data/train/malignant/216.jpg,1,False
./archive/data/train/malignant/217.jpg,1,False
./archive/data/train/malignant/218.jpg,1,False
./archive/data/train/malignant/219.jpg,1,False
./archive/data/train/malignant/22.jpg,1,False
./archive/data/train/malignant/220.jpg,1,False
./archive/data/train/malignant/221.jpg,1,False
./archive/data/train/malignant/222.jpg,1,False
./archive/data/train/malignant/223.jpg,1,False
./archive/data/train/malignant/224.jpg,1,False
./archive/data/train/malignant/225.jpg,1,False
./archive/data/train/malignant/226.jpg,1,False
./archive/data/train/malignant/227.jpg,1,False
./archive/data/train/malignant/228.jpg,1,False
./archive/data/train/malignant/229.jpg,1,False
./archive/data/train/malignant/23.jpg,1,False
./archive/data/train/malignant/230.jpg,1,False
./archive/data/train/malignant/233.jpg,1,False
./archive/data/train/malignant/234.jpg,1,False
./archive/data/train/malignant/235.jpg,1,False
./archive/data/train/malignant/236.jpg,1,False
./archive/data/train/malignant/239.jpg,1,False
./archive/data/train/malignant/240.jpg,1,False
./archive/data/train/malignant/241.jpg,1,False
./archive/data/train/malignant/242.jpg,1,False
./archive/data/train/malignant/243.jpg,1,False
./archive/data/train/malignant/244.jpg,1,False
./archive/data/train/malignant/245.jpg,1,False
./archive/data/train/malignant/246.jpg,1,False
./archive/data/train/malignant/248.jpg,1,False
./archive/data/train/malignant/249.jpg,1,False
./archive/data/train/malignant/25.jpg,1,False
./archive/data/train/malignant/250.jpg,1,False
./archive/data/train/malignant/251.jpg,1,False
./archive/data/train/malignant/252.jpg,1,False
./archive/data/train/malignant/253.jpg,1,False
./archive/data/train/malignant/254.jpg,1,False
./archive/data/train/malignant/255.jpg,1,False
./archive/data/train/malignant/259.jpg,1,False
./archive/data/train/malignant/26.jpg,1,False
./archive/data/train/malignant/261.jpg,1,False
./archive/data/train/malignant/262.jpg,1,False
./archive/data/train/malignant/263.jpg,1,False
./archive/data/train/malignant/264.jpg,1,False
./archive/data/train/malignant/265.jpg,1,False
./archive/data/train/malignant/266.jpg,1,False
./archive/data/train/malignant/267.jpg,1,False
./archive/data/train/malignant/268.jpg,1,False
./archive/data/train/malignant/269.jpg,1,False
./archive/data/train/malignant/27.jpg,1,False
./archive/data/train/malignant/270.jpg,1,False
./archive/data/train/malignant/271.jpg,1,False
./archive/data/train/malignant/272.jpg,1,False
./archive/data/train/malignant/273.jpg,1,False
./archive/data/train/malignant/274.jpg,1,False
./archive/data/train/malignant/277.jpg,1,False
./archive/data/train/malignant/278.jpg,1,False
./archive/data/train/malignant/279.jpg,1,False
./archive/data/train/malignant/28.jpg,1,False
./archive/data/train/malignant/280.jpg,1,False
./archive/data/train/malignant/281.jpg,1,False
./archive/data/train/malignant/282.jpg,1,False
./archive/data/train/malignant/283.jpg,1,False
./archive/data/train/malignant/284.jpg,1,False
./archive/data/train/malignant/285.jpg,1,False
./archive/data/train/malignant/286.jpg,1,False
./archive/data/train/malignant/287.jpg,1,False
./archive/data/train/malignant/288.jpg,1,False
./archive/data/train/malignant/289.jpg,1,False
./archive/data/train/malignant/29.jpg,1,False
./archive/data/train/malignant/290.jpg,1,False
./archive/data/train/malignant/291.jpg,1,False
./archive/data/train/malignant/292.jpg,1,False
./archive/data/train/malignant/293.jpg,1,False
./archive/data/train/malignant/294.jpg,1,False
./archive/data/train/malignant/295.jpg,1,False
./archive/data/train/malignant/296.jpg,1,False
./archive/data/train/malignant/297.jpg,1,False
./archive/data/train/malignant/298.jpg,1,False
./archive/data/train/malignant/299.jpg,1,False
./archive/data/train/malignant/30.jpg,1,False
./archive/data/train/malignant/300.jpg,1,False
./archive/data/train/malignant/301.jpg,1,False
./archive/data/train/malignant/302.jpg,1,False
./archive/data/train/malignant/304.jpg,1,False
./archive/data/train/malignant/305.jpg,1,False
./archive/data/train/malignant/306.jpg,1,False
./archive/data/train/malignant/308.jpg,1,False
./archive/data/train/malignant/309.jpg,1,False
./archive/data/train/malignant/31.jpg,1,False
./archive/data/train/malignant/311.jpg,1,False
./archive/data/train/malignant/312.jpg,1,False
./archive/data/train/malignant/313.jpg,1,False
./archive/data/train/malignant/314.jpg,1,False
./archive/data/train/malignant/315.jpg,1,False
./archive/data/train/malignant/316.jpg,1,False
./archive/data/train/malignant/319.jpg,1,False
./archive/data/train/malignant/32.jpg,1,False
./archive/data/train/malignant/320.jpg,1,False
./archive/data/train/malignant/321.jpg,1,False
./archive/data/train/malignant/323.jpg,1,False
./archive/data/train/malignant/324.jpg,1,False
./archive/data/train/malignant/325.jpg,1,False
./archive/data/train/malignant/326.jpg,1,False
./archive/data/train/malignant/327.jpg,1,False
./archive/data/train/malignant/328.jpg,1,False
./archive/data/train/malignant/329.jpg,1,False
./archive/data/train/malignant/330.jpg,1,False
./archive/data/train/malignant/331.jpg,1,False
./archive/data/train/malignant/332.jpg,1,False
./archive/data/train/malignant/333.jpg,1,False
./archive/data/train/malignant/334.jpg,1,False
./archive/data/train/malignant/335.jpg,1,False
./archive/data/train/malignant/336.jpg,1,False
./archive/data/train/malignant/337.jpg,1,False
./archive/data/train/malignant/339.jpg,1,False
./archive/data/train/malignant/34.jpg,1,False
./archive/data/train/malignant/340.jpg,1,False
./archive/data/train/malignant/341.jpg,1,False
./archive/data/train/malignant/344.jpg,1,False
./archive/data/train/malignant/345.jpg,1,False
./archive/data/train/malignant/346.jpg,1,False
./archive/data/train/malignant/347.jpg,1,False
./archive/data/train/malignant/349.jpg,1,False
./archive/data/train/malignant/35.jpg,1,False
./archive/data/train/malignant/350.jpg,1,False
./archive/data/train/malignant/351.jpg,1,False
./archive/data/train/malignant/352.jpg,1,False
./archive/data/train/malignant/353.jpg,1,False
./archive/data/train/malignant/354.jpg,1,False
./archive/data/train/malignant/357.jpg,1,False
./archive/data/train/malignant/358.jpg,1,False
./archive/data/train/malignant/359.jpg,1,False
./archive/data/train/malignant/36.jpg,1,False
./archive/data/train/malignant/361.jpg,1,False
./archive/data/train/malignant/362.jpg,1,False
./archive/data/train/malignant/363.jpg,1,False
./archive/data/train/malignant/365.jpg,1,False
./archive/data/train/malignant/366.jpg,1,False
./archive/data/train/malignant/367.jpg,1,False
./archive/data/train/malignant/368.jpg,1,False
./archive/data/train/malignant/369.jpg,1,False
./archive/data/train/malignant/37.jpg,1,False
./archive/data/train/malignant/370.jpg,1,False
./archive/data/train/malignant/371.jpg,1,False
./archive/data/train/malignant/372.jpg,1,False
./archive/data/train/malignant/373.jpg,1,False
./archive/data/train/malignant/374.jpg,1,False
./archive/data/train/malignant/376.jpg,1,False
./archive/data/train/malignant/377.jpg,1,False
./archive/data/train/malignant/378.jpg,1,False
./archive/data/train/malignant/379.jpg,1,False
./archive/data/train/malignant/38.jpg,1,False
./archive/data/train/malignant/380.jpg,1,False
./archive/data/train/malignant/383.jpg,1,False
./archive/data/train/malignant/385.jpg,1,False
./archive/data/train/malignant/386.jpg,1,False
./archive/data/train/malignant/387.jpg,1,False
./archive/data/train/malignant/388.jpg,1,False
./archive/data/train/malignant/391.jpg,1,False
./archive/data/train/malignant/392.jpg,1,False
./archive/data/train/malignant/393.jpg,1,False
./archive/data/train/malignant/395.jpg,1,False
./archive/data/train/malignant/396.jpg,1,False
./archive/data/train/malignant/397.jpg,1,False
./archive/data/train/malignant/398.jpg,1,False
./archive/data/train/malignant/40.jpg,1,False
./archive/data/train/malignant/400.jpg,1,False
./archive/data/train/malignant/401.jpg,1,False
./archive/data/train/malignant/403.jpg,1,False
./archive/data/train/malignant/404.jpg,1,False
./archive/data/train/malignant/406.jpg,1,False
./archive/data/train/malignant/408.jpg,1,False
./archive/data/train/malignant/41.jpg,1,False
./archive/data/train/malignant/410.jpg,1,False
./archive/data/train/malignant/411.jpg,1,False
./archive/data/train/malignant/412.jpg,1,False
./archive/data/train/malignant/413.jpg,1,False
./archive/data/train/malignant/414.jpg,1,False
./archive/data/train/malignant/415.jpg,1,False
./archive/data/train/malignant/416.jpg,1,False
./archive/data/train/malignant/417.jpg,1,False
./archive/data/train/malignant/418.jpg,1,False
./archive/data/train/malignant/42.jpg,1,False
./archive/data/train/malignant/420.jpg,1,False
./archive/data/train/malignant/422.jpg,1,False
./archive/data/train/malignant/423.jpg,1,False
./archive/data/train/malignant/425.jpg,1,False
./archive/data/train/malignant/427.jpg,1,False
./archive/data/train/malignant/429.jpg,1,False
./archive/data/train/malignant/43.jpg,1,False
./archive/data/train/malignant/431.jpg,1,False
./archive/data/train/malignant/432.jpg,1,False
./archive/data/train/malignant/433.jpg,1,False
./archive/data/train/malignant/434.jpg,1,False
./archive/data/train/malignant/435.jpg,1,False
./archive/data/train/malignant/438.jpg,1,False
./archive/data/train/malignant/439.jpg,1,False
./archive/data/train/malignant/440.jpg,1,False
./archive/data/train/malignant/441.jpg,1,False
./archive/data/train/malignant/442.jpg,1,False
./archive/data/train/malignant/443.jpg,1,False
./archive/data/train/malignant/444.jpg,1,False
./archive/data/train/malignant/446.jpg,1,False
./archive/data/train/malignant/447.jpg,1,False
./archive/data/train/malignant/448.jpg,1,False
./archive/data/train/malignant/449.jpg,1,False
./archive/data/train/malignant/45.jpg,1,False
./archive/data/train/malignant/451.jpg,1,False
./archive/data/train/malignant/452.jpg,1,False
./archive/data/train/malignant/453.jpg,1,False
./archive/data/train/malignant/454.jpg,1,False
./archive/data/train/malignant/455.jpg,1,False
./archive/data/train/malignant/456.jpg,1,False
./archive/data/train/malignant/457.jpg,1,False
./archive/data/train/malignant/458.jpg,1,False
./archive/data/train/malignant/460.jpg,1,False
./archive/data/train/malignant/461.jpg,1,False
./archive/data/train/malignant/462.jpg,1,False
./archive/data/train/malignant/464.jpg,1,False
./archive/data/train/malignant/465.jpg,1,False
./archive/data/train/malignant/466.jpg,1,False
./archive/data/train/malignant/467.jpg,1,False
./archive/data/train/malignant/468.jpg,1,False
./archive/data/train/malignant/469.jpg,1,False
./archive/data/train/malignant/47.jpg,1,False
./archive/data/train/malignant/470.jpg,1,False
./archive/data/train/malignant/471.jpg,1,False
./archive/data/train/malignant/472.jpg,1,False
./archive/data/train/malignant/473.jpg,1,False
./archive/data/train/malignant/475.jpg,1,False
./archive/data/train/malignant/476.jpg,1,False
./archive/data/train/malignant/477.jpg,1,False
./archive/data/train/malignant/478.jpg,1,False
./archive/data/train/malignant/48.jpg,1,False
./archive/data/train/malignant/480.jpg,1,False
./archive/data/train/malignant/481.jpg,1,False
./archive/data/train/malignant/482.jpg,1,False
./archive/data/train/malignant/484.jpg,1,False
./archive/data/train/malignant/485.jpg,1,False
./archive/data/train/malignant/486.jpg,1,False
./archive/data/train/malignant/487.jpg,1,False
./archive/data/train/malignant/488.jpg,1,False
./archive/data/train/malignant/489.jpg,1,False
./archive/data/train/malignant/49.jpg,1,False
./archive/data/train/malignant/490.jpg,1,False
./archive/data/train/malignant/491.jpg,1,False
./archive/data/train/malignant/492.jpg,1,False
./archive/data/train/malignant/493.jpg,1,False
./archive/data/train/malignant/494.jpg,1,False
./archive/data/train/malignant/495.jpg,1,False
./archive/data/train/malignant/496.jpg,1,False
./archive/data/train/malignant/497.jpg,1,False
./archive/data/train/malignant/498.jpg,1,False
./archive/data/train/malignant/499.jpg,1,False
./archive/data/train/malignant/5.jpg,1,False
./archive/data/train/malignant/50.jpg,1,False
./archive/data/train/malignant/500.jpg,1,False
./archive/data/train/malignant/502.jpg,1,False
./archive/data/train/malignant/503.jpg,1,False
./archive/data/train/malignant/505.jpg,1,False
./archive/data/train/malignant/506.jpg,1,False
./archive/data/train/malignant/509.jpg,1,False
./archive/data/train/malignant/51.jpg,1,False
./archive/data/train/malignant/510.jpg,1,False
./archive/data/train/malignant/512.jpg,1,False
./archive/data/train/malignant/513.jpg,1,False
./archive/data/train/malignant/514.jpg,1,False
./archive/data/train/malignant/515.jpg,1,False
./archive/data/train/malignant/516.jpg,1,False
./archive/data/train/malignant/517.jpg,1,False
./archive/data/train/malignant/518.jpg,1,False
./archive/data/train/malignant/520.jpg,1,False
./archive/data/train/malignant/521.jpg,1,False
./archive/data/train/malignant/522.jpg,1,False
./archive/data/train/malignant/523.jpg,1,False
./archive/data/train/malignant/524.jpg,1,False
./archive/data/train/malignant/525.jpg,1,False
./archive/data/train/malignant/526.jpg,1,False
./archive/data/train/malignant/527.jpg,1,False
./archive/data/train/malignant/529.jpg,1,False
./archive/data/train/malignant/53.jpg,1,False
./archive/data/train/malignant/530.jpg,1,False
./archive/data/train/malignant/531.jpg,1,False
./archive/data/train/malignant/532.jpg,1,False
./archive/data/train/malignant/533.jpg,1,False
./archive/data/train/malignant/534.jpg,1,False
./archive/data/train/malignant/535.jpg,1,False
./archive/data/train/malignant/537.jpg,1,False
./archive/data/train/malignant/538.jpg,1,False
./archive/data/train/malignant/539.jpg,1,False
./archive/data/train/malignant/540.jpg,1,False
./archive/data/train/malignant/541.jpg,1,False
./archive/data/train/malignant/542.jpg,1,False
./archive/data/train/malignant/543.jpg,1,False
./archive/data/train/malignant/544.jpg,1,False
./archive/data/train/malignant/545.jpg,1,False
./archive/data/train/malignant/547.jpg,1,False
./archive/data/train/malignant/548.jpg,1,False
./archive/data/train/malignant/549.jpg,1,False
./archive/data/train/malignant/55.jpg,1,False
./archive/data/train/malignant/550.jpg,1,False
./archive/data/train/malignant/551.jpg,1,False
./archive/data/train/malignant/552.jpg,1,False
./archive/data/train/malignant/553.jpg,1,False
./archive/data/train/malignant/555.jpg,1,False
./archive/data/train/malignant/557.jpg,1,False
./archive/data/train/malignant/558.jpg,1,False
./archive/data/train/malignant/559.jpg,1,False
./archive/data/train/malignant/56.jpg,1,False
./archive/data/train/malignant/560.jpg,1,False
./archive/data/train/malignant/561.jpg,1,False
./archive/data/train/malignant/563.jpg,1,False
./archive/data/train/malignant/564.jpg,1,False
./archive/data/train/malignant/565.jpg,1,False
./archive/data/train/malignant/566.jpg,1,False
./archive/data/train/malignant/567.jpg,1,False
./archive/data/train/malignant/569.jpg,1,False
./archive/data/train/malignant/571.jpg,1,False
./archive/data/train/malignant/574.jpg,1,False
./archive/data/train/malignant/576.jpg,1,False
./archive/data/train/malignant/577.jpg,1,False
./archive/data/train/malignant/578.jpg,1,False
./archive/data/train/malignant/579.jpg,1,False
./archive/data/train/malignant/580.jpg,1,False
./archive/data/train/malignant/581.jpg,1,False
./archive/data/train/malignant/582.jpg,1,False
./archive/data/train/malignant/583.jpg,1,False
./archive/data/train/malignant/584.jpg,1,False
./archive/data/train/malignant/585.jpg,1,False
./archive/data/train/malignant/586.jpg,1,False
./archive/data/train/malignant/587.jpg,1,False
./archive/data/train/malignant/588.jpg,1,False
./archive/data/train/malignant/589.jpg,1,False
./archive/data/train/malignant/59.jpg,1,False
./archive/data/train/malignant/591.jpg,1,False
./archive/data/train/malignant/594.jpg,1,False
./archive/data/train/malignant/595.jpg,1,False
./archive/data/train/malignant/597.jpg,1,False
./archive/data/train/malignant/598.jpg,1,False
./archive/data/train/malignant/599.jpg,1,False
./archive/data/train/malignant/6.jpg,1,False
./archive/data/train/malignant/60.jpg,1,False
./archive/data/train/malignant/600.jpg,1,False
./archive/data/train/malignant/601.jpg,1,False
./archive/data/train/malignant/604.jpg,1,False
./archive/data/train/malignant/605.jpg,1,False
./archive/data/train/malignant/606.jpg,1,False
./archive/data/train/malignant/607.jpg,1,False
./archive/data/train/malignant/608.jpg,1,False
./archive/data/train/malignant/609.jpg,1,False
./archive/data/train/malignant/61.jpg,1,False
./archive/data/train/malignant/610.jpg,1,False
./archive/data/train/malignant/611.jpg,1,False
./archive/data/train/malignant/612.jpg,1,False
./archive/data/train/malignant/613.jpg,1,False
./archive/data/train/malignant/616.jpg,1,False
./archive/data/train/malignant/617.jpg,1,False
./archive/data/train/malignant/618.jpg,1,False
./archive/data/train/malignant/620.jpg,1,False
./archive/data/train/malignant/621.jpg,1,False
./archive/data/train/malignant/622.jpg,1,False
./archive/data/train/malignant/623.jpg,1,False
./archive/data/train/malignant/624.jpg,1,False
./archive/data/train/malignant/625.jpg,1,False
./archive/data/train/malignant/626.jpg,1,False
./archive/data/train/malignant/627.jpg,1,False
./archive/data/train/malignant/629.jpg,1,False
./archive/data/train/malignant/63.jpg,1,False
./archive/data/train/malignant/630.jpg,1,False
./archive/data/train/malignant/631.jpg,1,False
./archive/data/train/malignant/632.jpg,1,False
./archive/data/train/malignant/633.jpg,1,False
./archive/data/train/malignant/634.jpg,1,False
./archive/data/train/malignant/635.jpg,1,False
./archive/data/train/malignant/636.jpg,1,False
./archive/data/train/malignant/637.jpg,1,False
./archive/data/train/malignant/639.jpg,1,False
./archive/data/train/malignant/64.jpg,1,False
./archive/data/train/malignant/640.jpg,1,False
./archive/data/train/malignant/642.jpg,1,False
./archive/data/train/malignant/644.jpg,1,False
./archive/data/train/malignant/645.jpg,1,False
./archive/data/train/malignant/646.jpg,1,False
./archive/data/train/malignant/647.jpg,1,False
./archive/data/train/malignant/648.jpg,1,False
./archive/data/train/malignant/649.jpg,1,False
./archive/data/train/malignant/650.jpg,1,False
./archive/data/train/malignant/651.jpg,1,False
./archive/data/train/malignant/652.jpg,1,False
./archive/data/train/malignant/654.jpg,1,False
./archive/data/train/malignant/655.jpg,1,False
./archive/data/train/malignant/656.jpg,1,False
./archive/data/train/malignant/657.jpg,1,False
./archive/data/train/malignant/659.jpg,1,False
./archive/data/train/malignant/661.jpg,1,False
./archive/data/train/malignant/662.jpg,1,False
./archive/data/train/malignant/663.jpg,1,False
./archive/data/train/malignant/664.jpg,1,False
./archive/data/train/malignant/665.jpg,1,False
./archive/data/train/malignant/666.jpg,1,False
./archive/data/train/malignant/668.jpg,1,False
./archive/data/train/malignant/669.jpg,1,False
./archive/data/train/malignant/67.jpg,1,False
./archive/data/train/malignant/671.jpg,1,False
./archive/data/train/malignant/672.jpg,1,False
./archive/data/train/malignant/673.jpg,1,False
./archive/data/train/malignant/675.jpg,1,False
./archive/data/train/malignant/676.jpg,1,False
./archive/data/train/malignant/677.jpg,1,False
./archive/data/train/malignant/678.jpg,1,False
./archive/data/train/malignant/680.jpg,1,False
./archive/data/train/malignant/681.jpg,1,False
./archive/data/train/malignant/682.jpg,1,False
./archive/data/train/malignant/683.jpg,1,False
./archive/data/train/malignant/684.jpg,1,False
./archive/data/train/malignant/685.jpg,1,False
./archive/data/train/malignant/687.jpg,1,False
./archive/data/train/malignant/688.jpg,1,False
./archive/data/train/malignant/689.jpg,1,False
./archive/data/train/malignant/69.jpg,1,False
./archive/data/train/malignant/690.jpg,1,False
./archive/data/train/malignant/691.jpg,1,False
./archive/data/train/malignant/692.jpg,1,False
./archive/data/train/malignant/693.jpg,1,False
./archive/data/train/malignant/695.jpg,1,False
./archive/data/train/malignant/697.jpg,1,False
./archive/data/train/malignant/698.jpg,1,False
./archive/data/train/malignant/699.jpg,1,False
./archive/data/train/malignant/7.jpg,1,False
./archive/data/train/malignant/70.jpg,1,False
./archive/data/train/malignant/700.jpg,1,False
./archive/data/train/malignant/701.jpg,1,False
./archive/data/train/malignant/702.jpg,1,False
./archive/data/train/malignant/703.jpg,1,False
./archive/data/train/malignant/704.jpg,1,False
./archive/data/train/malignant/705.jpg,1,False
./archive/data/train/malignant/707.jpg,1,False
./archive/data/train/malignant/708.jpg,1,False
./archive/data/train/malignant/71.jpg,1,False
./archive/data/train/malignant/710.jpg,1,False
./archive/data/train/malignant/711.jpg,1,False
./archive/data/train/malignant/712.jpg,1,False
./archive/data/train/malignant/714.jpg,1,False
./archive/data/train/malignant/715.jpg,1,False
./archive/data/train/malignant/716.jpg,1,False
./archive/data/train/malignant/717.jpg,1,False
./archive/data/train/malignant/718.jpg,1,False
./archive/data/train/malignant/719.jpg,1,False
./archive/data/train/malignant/72.jpg,1,False
./archive/data/train/malignant/720.jpg,1,False
./archive/data/train/malignant/721.jpg,1,False
./archive/data/train/malignant/722.jpg,1,False
./archive/data/train/malignant/723.jpg,1,False
./archive/data/train/malignant/724.jpg,1,False
./archive/data/train/malignant/725.jpg,1,False
./archive/data/train/malignant/726.jpg,1,False
./archive/data/train/malignant/727.jpg,1,False
./archive/data/train/malignant/728.jpg,1,False
./archive/data/train/malignant/729.jpg,1,False
./archive/data/train/malignant/730.jpg,1,False
./archive/data/train/malignant/731.jpg,1,False
./archive/data/train/malignant/732.jpg,1,False
./archive/data/train/malignant/733.jpg,1,False
./archive/data/train/malignant/734.jpg,1,False
./archive/data/train/malignant/736.jpg,1,False
./archive/data/train/malignant/737.jpg,1,False
./archive/data/train/malignant/738.jpg,1,False
./archive/data/train/malignant/740.jpg,1,False
./archive/data/train/malignant/741.jpg,1,False
./archive/data/train/malignant/742.jpg,1,False
./archive/data/train/malignant/743.jpg,1,False
./archive/data/train/malignant/745.jpg,1,False
./archive/data/train/malignant/746.jpg,1,False
./archive/data/train/malignant/748.jpg,1,False
./archive/data/train/malignant/75.jpg,1,False
./archive/data/train/malignant/750.jpg,1,False
./archive/data/train/malignant/751.jpg,1,False
./archive/data/train/malignant/752.jpg,1,False
./archive/data/train/malignant/753.jpg,1,False
./archive/data/train/malignant/754.jpg,1,False
./archive/data/train/malignant/755.jpg,1,False
./archive/data/train/malignant/756.jpg,1,False
./archive/data/train/malignant/758.jpg,1,False
./archive/data/train/malignant/76.jpg,1,False
./archive/data/train/malignant/760.jpg,1,False
./archive/data/train/malignant/761.jpg,1,False
./archive/data/train/malignant/764.jpg,1,False
./archive/data/train/malignant/765.jpg,1,False
./archive/data/train/malignant/766.jpg,1,False
./archive/data/train/malignant/768.jpg,1,False
./archive/data/train/malignant/769.jpg,1,False
./archive/data/train/malignant/77.jpg,1,False
./archive/data/train/malignant/770.jpg,1,False
./archive/data/train/malignant/772.jpg,1,False
./archive/data/train/malignant/774.jpg,1,False
./archive/data/train/malignant/775.jpg,1,False
./archive/data/train/malignant/777.jpg,1,False
./archive/data/train/malignant/779.jpg,1,False
./archive/data/train/malignant/78.jpg,1,False
./archive/data/train/malignant/780.jpg,1,False
./archive/data/train/malignant/781.jpg,1,False
./archive/data/train/malignant/782.jpg,1,False
./archive/data/train/malignant/783.jpg,1,False
./archive/data/train/malignant/784.jpg,1,False
./archive/data/train/malignant/785.jpg,1,False
./archive/data/train/malignant/786.jpg,1,False
./archive/data/train/malignant/787.jpg,1,False
./archive/data/train/malignant/789.jpg,1,False
./archive/data/train/malignant/79.jpg,1,False
./archive/data/train/malignant/790.jpg,1,False
./archive/data/train/malignant/791.jpg,1,False
./archive/data/train/malignant/793.jpg,1,False
./archive/data/train/malignant/795.jpg,1,False
./archive/data/train/malignant/796.jpg,1,False
./archive/data/train/malignant/798.jpg,1,False
./archive/data/train/malignant/799.jpg,1,False
./archive/data/train/malignant/80.jpg,1,False
./archive/data/train/malignant/800.jpg,1,False
./archive/data/train/malignant/801.jpg,1,False
./archive/data/train/malignant/802.jpg,1,False
./archive/data/train/malignant/803.jpg,1,False
./archive/data/train/malignant/805.jpg,1,False
./archive/data/train/malignant/806.jpg,1,False
./archive/data/train/malignant/807.jpg,1,False
./archive/data/train/malignant/809.jpg,1,False
./archive/data/train/malignant/810.jpg,1,False
./archive/data/train/malignant/811.jpg,1,False
./archive/data/train/malignant/812.jpg,1,False
./archive/data/train/malignant/813.jpg,1,False
./archive/data/train/malignant/814.jpg,1,False
./archive/data/train/malignant/815.jpg,1,False
./archive/data/train/malignant/816.jpg,1,False
./archive/data/train/malignant/818.jpg,1,False
./archive/data/train/malignant/819.jpg,1,False
./archive/data/train/malignant/82.jpg,1,False
./archive/data/train/malignant/820.jpg,1,False
./archive/data/train/malignant/821.jpg,1,False
./archive/data/train/malignant/823.jpg,1,False
./archive/data/train/malignant/824.jpg,1,False
./archive/data/train/malignant/825.jpg,1,False
./archive/data/train/malignant/827.jpg,1,False
./archive/data/train/malignant/828.jpg,1,False
./archive/data/train/malignant/829.jpg,1,False
./archive/data/train/malignant/83.jpg,1,False
./archive/data/train/malignant/830.jpg,1,False
./archive/data/train/malignant/831.jpg,1,False
./archive/data/train/malignant/833.jpg,1,False
./archive/data/train/malignant/834.jpg,1,False
./archive/data/train/malignant/835.jpg,1,False
./archive/data/train/malignant/837.jpg,1,False
./archive/data/train/malignant/84.jpg,1,False
./archive/data/train/malignant/840.jpg,1,False
./archive/data/train/malignant/841.jpg,1,False
./archive/data/train/malignant/842.jpg,1,False
./archive/data/train/malignant/843.jpg,1,False
./archive/data/train/malignant/844.jpg,1,False
./archive/data/train/malignant/845.jpg,1,False
./archive/data/train/malignant/846.jpg,1,False
./archive/data/train/malignant/847.jpg,1,False
./archive/data/train/malignant/848.jpg,1,False
./archive/data/train/malignant/849.jpg,1,False
./archive/data/train/malignant/850.jpg,1,False
./archive/data/train/malignant/851.jpg,1,False
./archive/data/train/malignant/853.jpg,1,False
./archive/data/train/malignant/854.jpg,1,False
./archive/data/train/malignant/855.jpg,1,False
./archive/data/train/malignant/856.jpg,1,False
./archive/data/train/malignant/857.jpg,1,False
./archive/data/train/malignant/858.jpg,1,False
./archive/data/train/malignant/86.jpg,1,False
./archive/data/train/malignant/860.jpg,1,False
./archive/data/train/malignant/861.jpg,1,False
./archive/data/train/malignant/862.jpg,1,False
./archive/data/train/malignant/863.jpg,1,False
./archive/data/train/malignant/865.jpg,1,False
./archive/data/train/malignant/867.jpg,1,False
./archive/data/train/malignant/869.jpg,1,False
./archive/data/train/malignant/870.jpg,1,False
./archive/data/train/malignant/872.jpg,1,False
./archive/data/train/malignant/873.jpg,1,False
./archive/data/train/malignant/875.jpg,1,False
./archive/data/train/malignant/876.jpg,1,False
./archive/data/train/malignant/877.jpg,1,False
./archive/data/train/malignant/878.jpg,1,False
./archive/data/train/malignant/879.jpg,1,False
./archive/data/train/malignant/88.jpg,1,False
./archive/data/train/malignant/880.jpg,1,False
./archive/data/train/malignant/882.jpg,1,False
./archive/data/train/malignant/883.jpg,1,False
./archive/data/train/malignant/884.jpg,1,False
./archive/data/train/malignant/885.jpg,1,False
./archive/data/train/malignant/886.jpg,1,False
./archive/data/train/malignant/888.jpg,1,False
./archive/data/train/malignant/889.jpg,1,False
./archive/data/train/malignant/89.jpg,1,False
./archive/data/train/malignant/890.jpg,1,False
./archive/data/train/malignant/891.jpg,1,False
./archive/data/train/malignant/892.jpg,1,False
./archive/data/train/malignant/895.jpg,1,False
./archive/data/train/malignant/896.jpg,1,False
./archive/data/train/malignant/897.jpg,1,False
./archive/data/train/malignant/898.jpg,1,False
./archive/data/train/malignant/899.jpg,1,False
./archive/data/train/malignant/9.jpg,1,False
./archive/data/train/malignant/90.jpg,1,False
./archive/data/train/malignant/900.jpg,1,False
./archive/data/train/malignant/901.jpg,1,False
./archive/data/train/malignant/902.jpg,1,False
./archive/data/train/malignant/903.jpg,1,False
./archive/data/train/malignant/904.jpg,1,False
./archive/data/train/malignant/906.jpg,1,False
./archive/data/train/malignant/907.jpg,1,False
./archive/data/train/malignant/908.jpg,1,False
./archive/data/train/malignant/909.jpg,1,False
./archive/data/train/malignant/910.jpg,1,False
./archive/data/train/malignant/911.jpg,1,False
./archive/data/train/malignant/912.jpg,1,False
./archive/data/train/malignant/913.jpg,1,False
./archive/data/train/malignant/914.jpg,1,False
./archive/data/train/malignant/915.jpg,1,False
./archive/data/train/malignant/916.jpg,1,False
./archive/data/train/malignant/917.jpg,1,False
./archive/data/train/malignant/918.jpg,1,False
./archive/data/train/malignant/919.jpg,1,False
./archive/data/train/malignant/920.jpg,1,False
./archive/data/train/malignant/921.jpg,1,False
./archive/data/train/malignant/922.jpg,1,False
./archive/data/train/malignant/923.jpg,1,False
./archive/data/train/malignant/924.jpg,1,False
./archive/data/train/malignant/925.jpg,1,False
./archive/data/train/malignant/926.jpg,1,False
./archive/data/train/malignant/928.jpg,1,False
./archive/data/train/malignant/929.jpg,1,False
./archive/data/train/malignant/930.jpg,1,False
./archive/data/train/malignant/931.jpg,1,False
./archive/data/train/malignant/932.jpg,1,False
./archive/data/train/malignant/933.jpg,1,False
./archive/data/train/malignant/935.jpg,1,False
./archive/data/train/malignant/936.jpg,1,False
./archive/data/train/malignant/938.jpg,1,False
./archive/data/train/malignant/939.jpg,1,False
./archive/data/train/malignant/94.jpg,1,False
./archive/data/train/malignant/941.jpg,1,False
./archive/data/train/malignant/942.jpg,1,False
./archive/data/train/malignant/943.jpg,1,False
./archive/data/train/malignant/944.jpg,1,False
./archive/data/train/malignant/945.jpg,1,False
./archive/data/train/malignant/946.jpg,1,False
./archive/data/train/malignant/95.jpg,1,False
./archive/data/train/malignant/950.jpg,1,False
./archive/data/train/malignant/951.jpg,1,False
./archive/data/train/malignant/952.jpg,1,False
./archive/data/train/malignant/954.jpg,1,False
./archive/data/train/malignant/955.jpg,1,False
./archive/data/train/malignant/956.jpg,1,False
./archive/data/train/malignant/957.jpg,1,False
./archive/data/train/malignant/958.jpg,1,False
./archive/data/train/malignant/959.jpg,1,False
./archive/data/train/malignant/96.jpg,1,False
./archive/data/train/malignant/960.jpg,1,False
./archive/data/train/malignant/961.jpg,1,False
./archive/data/train/malignant/962.jpg,1,False
./archive/data/train/malignant/963.jpg,1,False
./archive/data/train/malignant/964.jpg,1,False
./archive/data/train/malignant/965.jpg,1,False
./archive/data/train/malignant/966.jpg,1,False
./archive/data/train/malignant/967.jpg,1,False
./archive/data/train/malignant/968.jpg,1,False
./archive/data/train/malignant/969.jpg,1,False
./archive/data/train/malignant/97.jpg,1,False
./archive/data/train/malignant/970.jpg,1,False
./archive/data/train/malignant/971.jpg,1,False
./archive/data/train/malignant/972.jpg,1,False
./archive/data/train/malignant/973.jpg,1,False
./archive/data/train/malignant/974.jpg,1,False
./archive/data/train/malignant/975.jpg,1,False
./archive/data/train/malignant/976.jpg,1,False
./archive/data/train/malignant/977.jpg,1,False
./archive/data/train/malignant/978.jpg,1,False
./archive/data/train/malignant/979.jpg,1,False
./archive/data/train/malignant/98.jpg,1,False
./archive/data/train/malignant/980.jpg,1,False
./archive/data/train/malignant/981.jpg,1,False
./archive/data/train/malignant/982.jpg,1,False
./archive/data/train/malignant/983.jpg,1,False
./archive/data/train/malignant/984.jpg,1,False
./archive/data/train/malignant/986.jpg,1,False
./archive/data/train/malignant/987.jpg,1,False
./archive/data/train/malignant/988.jpg,1,False
./archive/data/train/malignant/989.jpg,1,False
./archive/data/train/malignant/99.jpg,1,False
./archive/data/train/malignant/990.jpg,1,False
./archive/data/train/malignant/991.jpg,1,False
./archive/data/train/malignant/993.jpg,1,False
./archive/data/train/malignant/996.jpg,1,False
./archive/data/train/malignant/997.jpg,1,False
./archive/data/train/malignant/998.jpg,1,False
./archive/data/train/malignant/999.jpg,1,False
./archive/data/test/benign/1.jpg,0,True
./archive/data/test/benign/10.jpg,0,True
./archive/data/test/benign/1003.jpg,0,True
./archive/data/test/benign/1006.jpg,0,True
./archive/data/test/benign/1013.jpg,0,True
./archive/data/test/benign/1018.jpg,0,True
./archive/data/test/benign/1019.jpg,0,True
./archive/data/test/benign/1023.jpg,0,True
./archive/data/test/benign/1025.jpg,0,True
./archive/data/test/benign/1029.jpg,0,True
./archive/data/test/benign/1033.jpg,0,True
./archive/data/test/benign/1034.jpg,0,True
./archive/data/test/benign/1042.jpg,0,True
./archive/data/test/benign/1044.jpg,0,True
./archive/data/test/benign/105.jpg,0,True
./archive/data/test/benign/1055.jpg,0,True
./archive/data/test/benign/1061.jpg,0,True
./archive/data/test/benign/1070.jpg,0,True
./archive/data/test/benign/1074.jpg,0,True
./archive/data/test/benign/1077.jpg,0,True
./archive/data/test/benign/1080.jpg,0,True
./archive/data/test/benign/1087.jpg,0,True
./archive/data/test/benign/1088.jpg,0,True
./archive/data/test/benign/1092.jpg,0,True
./archive/data/test/benign/11.jpg,0,True
./archive/data/test/benign/1110.jpg,0,True
./archive/data/test/benign/1112.jpg,0,True
./archive/data/test/benign/1115.jpg,0,True
./archive/data/test/benign/1118.jpg,0,True
./archive/data/test/benign/1125.jpg,0,True
./archive/data/test/benign/1126.jpg,0,True
./archive/data/test/benign/1130.jpg,0,True
./archive/data/test/benign/1134.jpg,0,True
./archive/data/test/benign/1135.jpg,0,True
./archive/data/test/benign/1139.jpg,0,True
./archive/data/test/benign/1143.jpg,0,True
./archive/data/test/benign/1146.jpg,0,True
./archive/data/test/benign/1151.jpg,0,True
./archive/data/test/benign/1155.jpg,0,True
./archive/data/test/benign/1166.jpg,0,True
./archive/data/test/benign/1170.jpg,0,True
./archive/data/test/benign/1173.jpg,0,True
./archive/data/test/benign/1177.jpg,0,True
./archive/data/test/benign/1180.jpg,0,True
./archive/data/test/benign/1183.jpg,0,True
./archive/data/test/benign/119.jpg,0,True
./archive/data/test/benign/1191.jpg,0,True
./archive/data/test/benign/1200.jpg,0,True
./archive/data/test/benign/1203.jpg,0,True
./archive/data/test/benign/1208.jpg,0,True
./archive/data/test/benign/1214.jpg,0,True
./archive/data/test/benign/1215.jpg,0,True
./archive/data/test/benign/122.jpg,0,True
./archive/data/test/benign/1226.jpg,0,True
./archive/data/test/benign/1231.jpg,0,True
./archive/data/test/benign/1242.jpg,0,True
./archive/data/test/benign/1243.jpg,0,True
./archive/data/test/benign/1244.jpg,0,True
./archive/data/test/benign/1253.jpg,0,True
./archive/data/test/benign/1261.jpg,0,True
./archive/data/test/benign/1265.jpg,0,True
./archive/data/test/benign/1266.jpg,0,True
./archive/data/test/benign/1269.jpg,0,True
./archive/data/test/benign/127.jpg,0,True
./archive/data/test/benign/1273.jpg,0,True
./archive/data/test/benign/1276.jpg,0,True
./archive/data/test/benign/1277.jpg,0,True
./archive/data/test/benign/1278.jpg,0,True
./archive/data/test/benign/1288.jpg,0,True
./archive/data/test/benign/1290.jpg,0,True
./archive/data/test/benign/1297.jpg,0,True
./archive/data/test/benign/1299.jpg,0,True
./archive/data/test/benign/1310.jpg,0,True
./archive/data/test/benign/1319.jpg,0,True
./archive/data/test/benign/1321.jpg,0,True
./archive/data/test/benign/1322.jpg,0,True
./archive/data/test/benign/1334.jpg,0,True
./archive/data/test/benign/1342.jpg,0,True
./archive/data/test/benign/1343.jpg,0,True
./archive/data/test/benign/1350.jpg,0,True
./archive/data/test/benign/1354.jpg,0,True
./archive/data/test/benign/1357.jpg,0,True
./archive/data/test/benign/1359.jpg,0,True
./archive/data/test/benign/1362.jpg,0,True
./archive/data/test/benign/1365.jpg,0,True
./archive/data/test/benign/1367.jpg,0,True
./archive/data/test/benign/1373.jpg,0,True
./archive/data/test/benign/1376.jpg,0,True
./archive/data/test/benign/1377.jpg,0,True
./archive/data/test/benign/1378.jpg,0,True
./archive/data/test/benign/1381.jpg,0,True
./archive/data/test/benign/1393.jpg,0,True
./archive/data/test/benign/140.jpg,0,True
./archive/data/test/benign/1400.jpg,0,True
./archive/data/test/benign/1401.jpg,0,True
./archive/data/test/benign/1409.jpg,0,True
./archive/data/test/benign/1412.jpg,0,True
./archive/data/test/benign/1415.jpg,0,True
./archive/data/test/benign/144.jpg,0,True
./archive/data/test/benign/1441.jpg,0,True
./archive/data/test/benign/1443.jpg,0,True
./archive/data/test/benign/1445.jpg,0,True
./archive/data/test/benign/1448.jpg,0,True
./archive/data/test/benign/1466.jpg,0,True
./archive/data/test/benign/1468.jpg,0,True
./archive/data/test/benign/147.jpg,0,True
./archive/data/test/benign/1471.jpg,0,True
./archive/data/test/benign/1473.jpg,0,True
./archive/data/test/benign/1479.jpg,0,True
./archive/data/test/benign/1481.jpg,0,True
./archive/data/test/benign/1483.jpg,0,True
./archive/data/test/benign/1485.jpg,0,True
./archive/data/test/benign/1488.jpg,0,True
./archive/data/test/benign/1492.jpg,0,True
./archive/data/test/benign/1499.jpg,0,True
./archive/data/test/benign/15.jpg,0,True
./archive/data/test/benign/1502.jpg,0,True
./archive/data/test/benign/1514.jpg,0,True
./archive/data/test/benign/1516.jpg,0,True
./archive/data/test/benign/1519.jpg,0,True
./archive/data/test/benign/1521.jpg,0,True
./archive/data/test/benign/1530.jpg,0,True
./archive/data/test/benign/1537.jpg,0,True
./archive/data/test/benign/1538.jpg,0,True
./archive/data/test/benign/154.jpg,0,True
./archive/data/test/benign/1545.jpg,0,True
./archive/data/test/benign/1559.jpg,0,True
./archive/data/test/benign/1576.jpg,0,True
./archive/data/test/benign/1578.jpg,0,True
./archive/data/test/benign/1579.jpg,0,True
./archive/data/test/benign/1592.jpg,0,True
./archive/data/test/benign/16.jpg,0,True
./archive/data/test/benign/1602.jpg,0,True
./archive/data/test/benign/1607.jpg,0,True
./archive/data/test/benign/161.jpg,0,True
./archive/data/test/benign/1610.jpg,0,True
./archive/data/test/benign/1611.jpg,0,True
./archive/data/test/benign/1628.jpg,0,True
./archive/data/test/benign/1632.jpg,0,True
./archive/data/test/benign/1634.jpg,0,True
./archive/data/test/benign/1637.jpg,0,True
./archive/data/test/benign/1642.jpg,0,True
./archive/data/test/benign/1646.jpg,0,True
./archive/data/test/benign/1648.jpg,0,True
./archive/data/test/benign/1655.jpg,0,True
./archive/data/test/benign/1657.jpg,0,True
./archive/data/test/benign/1672.jpg,0,True
./archive/data/test/benign/1682.jpg,0,True
./archive/data/test/benign/1687.jpg,0,True
./archive/data/test/benign/1696.jpg,0,True
./archive/data/test/benign/1701.jpg,0,True
./archive/data/test/benign/1704.jpg,0,True
./archive/data/test/benign/1710.jpg,0,True
./archive/data/test/benign/1711.jpg,0,True
./archive/data/test/benign/1714.jpg,0,True
./archive/data/test/benign/1719.jpg,0,True
./archive/data/test/benign/1721.jpg,0,True
./archive/data/test/benign/1731.jpg,0,True
./archive/data/test/benign/1737.jpg,0,True
./archive/data/test/benign/1745.jpg,0,True
./archive/data/test/benign/1747.jpg,0,True
./archive/data/test/benign/1748.jpg,0,True
./archive/data/test/benign/1756.jpg,0,True
./archive/data/test/benign/1757.jpg,0,True
./archive/data/test/benign/1758.jpg,0,True
./archive/data/test/benign/1764.jpg,0,True
./archive/data/test/benign/1768.jpg,0,True
./archive/data/test/benign/1773.jpg,0,True
./archive/data/test/benign/1797.jpg,0,True
./archive/data/test/benign/1798.jpg,0,True
./archive/data/test/benign/18.jpg,0,True
./archive/data/test/benign/1800.jpg,0,True
./archive/data/test/benign/185.jpg,0,True
./archive/data/test/benign/186.jpg,0,True
./archive/data/test/benign/2.jpg,0,True
./archive/data/test/benign/205.jpg,0,True
./archive/data/test/benign/211.jpg,0,True
./archive/data/test/benign/215.jpg,0,True
./archive/data/test/benign/216.jpg,0,True
./archive/data/test/benign/224.jpg,0,True
./archive/data/test/benign/226.jpg,0,True
./archive/data/test/benign/237.jpg,0,True
./archive/data/test/benign/245.jpg,0,True
./archive/data/test/benign/250.jpg,0,True
./archive/data/test/benign/251.jpg,0,True
./archive/data/test/benign/253.jpg,0,True
./archive/data/test/benign/256.jpg,0,True
./archive/data/test/benign/259.jpg,0,True
./archive/data/test/benign/267.jpg,0,True
./archive/data/test/benign/268.jpg,0,True
./archive/data/test/benign/273.jpg,0,True
./archive/data/test/benign/284.jpg,0,True
./archive/data/test/benign/287.jpg,0,True
./archive/data/test/benign/289.jpg,0,True
./archive/data/test/benign/291.jpg,0,True
./archive/data/test/benign/300.jpg,0,True
./archive/data/test/benign/303.jpg,0,True
./archive/data/test/benign/304.jpg,0,True
./archive/data/test/benign/31.jpg,0,True
./archive/data/test/benign/311.jpg,0,True
./archive/data/test/benign/313.jpg,0,True
./archive/data/test/benign/317.jpg,0,True
./archive/data/test/benign/322.jpg,0,True
./archive/data/test/benign/323.jpg,0,True
./archive/data/test/benign/330.jpg,0,True
./archive/data/test/benign/332.jpg,0,True
./archive/data/test/benign/335.jpg,0,True
./archive/data/test/benign/344.jpg,0,True
./archive/data/test/benign/348.jpg,0,True
./archive/data/test/benign/354.jpg,0,True
./archive/data/test/benign/356.jpg,0,True
./archive/data/test/benign/367.jpg,0,True
./archive/data/test/benign/369.jpg,0,True
./archive/data/test/benign/37.jpg,0,True
./archive/data/test/benign/378.jpg,0,True
./archive/data/test/benign/379.jpg,0,True
./archive/data/test/benign/385.jpg,0,True
./archive/data/test/benign/388.jpg,0,True
./archive/data/test/benign/389.jpg,0,True
./archive/data/test/benign/394.jpg,0,True
./archive/data/test/benign/404.jpg,0,True
./archive/data/test/benign/407.jpg,0,True
./archive/data/test/benign/414.jpg,0,True
./archive/data/test/benign/419.jpg,0,True
./archive/data/test/benign/427.jpg,0,True
./archive/data/test/benign/428.jpg,0,True
./archive/data/test/benign/433.jpg,0,True
./archive/data/test/benign/436.jpg,0,True
./archive/data/test/benign/437.jpg,0,True
./archive/data/test/benign/44.jpg,0,True
./archive/data/test/benign/444.jpg,0,True
./archive/data/test/benign/449.jpg,0,True
./archive/data/test/benign/45.jpg,0,True
./archive/data/test/benign/454.jpg,0,True
./archive/data/test/benign/457.jpg,0,True
./archive/data/test/benign/462.jpg,0,True
./archive/data/test/benign/475.jpg,0,True
./archive/data/test/benign/479.jpg,0,True
./archive/data/test/benign/484.jpg,0,True
./archive/data/test/benign/495.jpg,0,True
./archive/data/test/benign/5.jpg,0,True
./archive/data/test/benign/520.jpg,0,True
./archive/data/test/benign/527.jpg,0,True
./archive/data/test/benign/532.jpg,0,True
./archive/data/test/benign/535.jpg,0,True
./archive/data/test/benign/536.jpg,0,True
./archive/data/test/benign/54.jpg,0,True
./archive/data/test/benign/545.jpg,0,True
./archive/data/test/benign/548.jpg,0,True
./archive/data/test/benign/552.jpg,0,True
./archive/data/test/benign/558.jpg,0,True
./archive/data/test/benign/559.jpg,0,True
./archive/data/test/benign/560.jpg,0,True
./archive/data/test/benign/561.jpg,0,True
./archive/data/test/benign/562.jpg,0,True
./archive/data/test/benign/566.jpg,0,True
./archive/data/test/benign/57.jpg,0,True
./archive/data/test/benign/572.jpg,0,True
./archive/data/test/benign/573.jpg,0,True
./archive/data/test/benign/574.jpg,0,True
./archive/data/test/benign/575.jpg,0,True
./archive/data/test/benign/580.jpg,0,True
./archive/data/test/benign/588.jpg,0,True
./archive/data/test/benign/596.jpg,0,True
./archive/data/test/benign/603.jpg,0,True
./archive/data/test/benign/61.jpg,0,True
./archive/data/test/benign/612.jpg,0,True
./archive/data/test/benign/623.jpg,0,True
./archive/data/test/benign/624.jpg,0,True
./archive/data/test/benign/626.jpg,0,True
./archive/data/test/benign/63.jpg,0,True
./archive/data/test/benign/631.jpg,0,True
./archive/data/test/benign/634.jpg,0,True
./archive/data/test/benign/635.jpg,0,True
./archive/data/test/benign/636.jpg,0,True
./archive/data/test/benign/642.jpg,0,True
./archive/data/test/benign/644.jpg,0,True
./archive/data/test/benign/647.jpg,0,True
./archive/data/test/benign/658.jpg,0,True
./archive/data/test/benign/659.jpg,0,True
./archive/data/test/benign/660.jpg,0,True
./archive/data/test/benign/663.jpg,0,True
./archive/data/test/benign/664.jpg,0,True
./archive/data/test/benign/668.jpg,0,True
./archive/data/test/benign/670.jpg,0,True
./archive/data/test/benign/676.jpg,0,True
./archive/data/test/benign/678.jpg,0,True
./archive/data/test/benign/681.jpg,0,True
./archive/data/test/benign/689.jpg,0,True
./archive/data/test/benign/690.jpg,0,True
./archive/data/test/benign/700.jpg,0,True
./archive/data/test/benign/71.jpg,0,True
./archive/data/test/benign/712.jpg,0,True
./archive/data/test/benign/717.jpg,0,True
./archive/data/test/benign/720.jpg,0,True
./archive/data/test/benign/721.jpg,0,True
./archive/data/test/benign/724.jpg,0,True
./archive/data/test/benign/725.jpg,0,True
./archive/data/test/benign/74.jpg,0,True
./archive/data/test/benign/751.jpg,0,True
./archive/data/test/benign/758.jpg,0,True
./archive/data/test/benign/762.jpg,0,True
./archive/data/test/benign/763.jpg,0,True
./archive/data/test/benign/768.jpg,0,True
./archive/data/test/benign/770.jpg,0,True
./archive/data/test/benign/773.jpg,0,True
./archive/data/test/benign/774.jpg,0,True
./archive/data/test/benign/778.jpg,0,True
./archive/data/test/benign/790.jpg,0,True
./archive/data/test/benign/8.jpg,0,True
./archive/data/test/benign/802.jpg,0,True
./archive/data/test/benign/805.jpg,0,True
./archive/data/test/benign/806.jpg,0,True
./archive/data/test/benign/813.jpg,0,True
./archive/data/test/benign/819.jpg,0,True
./archive/data/test/benign/820.jpg,0,True
./archive/data/test/benign/823.jpg,0,True
./archive/data/test/benign/824.jpg,0,True
./archive/data/test/benign/825.jpg,0,True
./archive/data/test/benign/826.jpg,0,True
./archive/data/test/benign/828.jpg,0,True
./archive/data/test/benign/83.jpg,0,True
./archive/data/test/benign/830.jpg,0,True
./archive/data/test/benign/84.jpg,0,True
./archive/data/test/benign/840.jpg,0,True
./archive/data/test/benign/854.jpg,0,True
./archive/data/test/benign/869.jpg,0,True
./archive/data/test/benign/874.jpg,0,True
./archive/data/test/benign/878.jpg,0,True
./archive/data/test/benign/88.jpg,0,True
./archive/data/test/benign/880.jpg,0,True
./archive/data/test/benign/887.jpg,0,True
./archive/data/test/benign/888.jpg,0,True
./archive/data/test/benign/892.jpg,0,True
./archive/data/test/benign/893.jpg,0,True
./archive/data/test/benign/894.jpg,0,True
./archive/data/test/benign/895.jpg,0,True
./archive/data/test/benign/9.jpg,0,True
./archive/data/test/benign/90.jpg,0,True
./archive/data/test/benign/903.jpg,0,True
./archive/data/test/benign/906.jpg,0,True
./archive/data/test/benign/909.jpg,0,True
./archive/data/test/benign/912.jpg,0,True
./archive/data/test/benign/916.jpg,0,True
./archive/data/test/benign/919.jpg,0,True
./archive/data/test/benign/925.jpg,0,True
./archive/data/test/benign/936.jpg,0,True
./archive/data/test/benign/943.jpg,0,True
./archive/data/test/benign/944.jpg,0,True
./archive/data/test/benign/946.jpg,0,True
./archive/data/test/benign/95.jpg,0,True
./archive/data/test/benign/958.jpg,0,True
./archive/data/test/benign/962.jpg,0,True
./archive/data/test/benign/964.jpg,0,True
./archive/data/test/benign/97.jpg,0,True
./archive/data/test/benign/972.jpg,0,True
./archive/data/test/benign/98.jpg,0,True
./archive/data/test/benign/982.jpg,0,True
./archive/data/test/benign/993.jpg,0,True
./archive/data/test/benign/998.jpg,0,True
./archive/data/test/malignant/1.jpg,1,True
./archive/data/test/malignant/1003.jpg,1,True
./archive/data/test/malignant/1005.jpg,1,True
./archive/data/test/malignant/1007.jpg,1,True
./archive/data/test/malignant/1009.jpg,1,True
./archive/data/test/malignant/1012.jpg,1,True
./archive/data/test/malignant/1019.jpg,1,True
./archive/data/test/malignant/1022.jpg,1,True
./archive/data/test/malignant/1026.jpg,1,True
./archive/data/test/malignant/1027.jpg,1,True
./archive/data/test/malignant/1037.jpg,1,True
./archive/data/test/malignant/1038.jpg,1,True
./archive/data/test/malignant/1046.jpg,1,True
./archive/data/test/malignant/1049.jpg,1,True
./archive/data/test/malignant/1056.jpg,1,True
./archive/data/test/malignant/1058.jpg,1,True
./archive/data/test/malignant/1065.jpg,1,True
./archive/data/test/malignant/1074.jpg,1,True
./archive/data/test/malignant/1080.jpg,1,True
./archive/data/test/malignant/1083.jpg,1,True
./archive/data/test/malignant/1089.jpg,1,True
./archive/data/test/malignant/1091.jpg,1,True
./archive/data/test/malignant/1094.jpg,1,True
./archive/data/test/malignant/110.jpg,1,True
./archive/data/test/malignant/1112.jpg,1,True
./archive/data/test/malignant/1113.jpg,1,True
./archive/data/test/malignant/1119.jpg,1,True
./archive/data/test/malignant/1120.jpg,1,True
./archive/data/test/malignant/1128.jpg,1,True
./archive/data/test/malignant/1135.jpg,1,True
./archive/data/test/malignant/1141.jpg,1,True
./archive/data/test/malignant/1150.jpg,1,True
./archive/data/test/malignant/1151.jpg,1,True
./archive/data/test/malignant/1155.jpg,1,True
./archive/data/test/malignant/1156.jpg,1,True
./archive/data/test/malignant/1160.jpg,1,True
./archive/data/test/malignant/1164.jpg,1,True
./archive/data/test/malignant/1166.jpg,1,True
./archive/data/test/malignant/1170.jpg,1,True
./archive/data/test/malignant/1173.jpg,1,True
./archive/data/test/malignant/1176.jpg,1,True
./archive/data/test/malignant/1185.jpg,1,True
./archive/data/test/malignant/1186.jpg,1,True
./archive/data/test/malignant/1187.jpg,1,True
./archive/data/test/malignant/1189.jpg,1,True
./archive/data/test/malignant/1194.jpg,1,True
./archive/data/test/malignant/1197.jpg,1,True
./archive/data/test/malignant/1198.jpg,1,True
./archive/data/test/malignant/1211.jpg,1,True
./archive/data/test/malignant/1215.jpg,1,True
./archive/data/test/malignant/1216.jpg,1,True
./archive/data/test/malignant/1218.jpg,1,True
./archive/data/test/malignant/1220.jpg,1,True
./archive/data/test/malignant/1221.jpg,1,True
./archive/data/test/malignant/1227.jpg,1,True
./archive/data/test/malignant/1228.jpg,1,True
./archive/data/test/malignant/1229.jpg,1,True
./archive/data/test/malignant/1234.jpg,1,True
./archive/data/test/malignant/1238.jpg,1,True
./archive/data/test/malignant/1242.jpg,1,True
./archive/data/test/malignant/1251.jpg,1,True
./archive/data/test/malignant/1254.jpg,1,True
./archive/data/test/malignant/1256.jpg,1,True
./archive/data/test/malignant/1262.jpg,1,True
./archive/data/test/malignant/1266.jpg,1,True
./archive/data/test/malignant/1267.jpg,1,True
./archive/data/test/malignant/1268.jpg,1,True
./archive/data/test/malignant/1280.jpg,1,True
./archive/data/test/malignant/1286.jpg,1,True
./archive/data/test/malignant/1289.jpg,1,True
./archive/data/test/malignant/129.jpg,1,True
./archive/data/test/malignant/1292.jpg,1,True
./archive/data/test/malignant/1295.jpg,1,True
./archive/data/test/malignant/1297.jpg,1,True
./archive/data/test/malignant/13.jpg,1,True
./archive/data/test/malignant/1300.jpg,1,True
./archive/data/test/malignant/1310.jpg,1,True
./archive/data/test/malignant/1320.jpg,1,True
./archive/data/test/malignant/1322.jpg,1,True
./archive/data/test/malignant/1330.jpg,1,True
./archive/data/test/malignant/1333.jpg,1,True
./archive/data/test/malignant/1336.jpg,1,True
./archive/data/test/malignant/1339.jpg,1,True
./archive/data/test/malignant/1342.jpg,1,True
./archive/data/test/malignant/1347.jpg,1,True
./archive/data/test/malignant/1354.jpg,1,True
./archive/data/test/malignant/1355.jpg,1,True
./archive/data/test/malignant/1358.jpg,1,True
./archive/data/test/malignant/1359.jpg,1,True
./archive/data/test/malignant/1364.jpg,1,True
./archive/data/test/malignant/1366.jpg,1,True
./archive/data/test/malignant/1370.jpg,1,True
./archive/data/test/malignant/1374.jpg,1,True
./archive/data/test/malignant/1378.jpg,1,True
./archive/data/test/malignant/1379.jpg,1,True
./archive/data/test/malignant/1380.jpg,1,True
./archive/data/test/malignant/1382.jpg,1,True
./archive/data/test/malignant/1383.jpg,1,True
./archive/data/test/malignant/139.jpg,1,True
./archive/data/test/malignant/1395.jpg,1,True
./archive/data/test/malignant/1401.jpg,1,True
./archive/data/test/malignant/1402.jpg,1,True
./archive/data/test/malignant/1417.jpg,1,True
./archive/data/test/malignant/1422.jpg,1,True
./archive/data/test/malignant/1425.jpg,1,True
./archive/data/test/malignant/1427.jpg,1,True
./archive/data/test/malignant/1430.jpg,1,True
./archive/data/test/malignant/1436.jpg,1,True
./archive/data/test/malignant/1438.jpg,1,True
./archive/data/test/malignant/1443.jpg,1,True
./archive/data/test/malignant/1447.jpg,1,True
./archive/data/test/malignant/1451.jpg,1,True
./archive/data/test/malignant/1461.jpg,1,True
./archive/data/test/malignant/1464.jpg,1,True
./archive/data/test/malignant/1484.jpg,1,True
./archive/data/test/malignant/1489.jpg,1,True
./archive/data/test/malignant/1495.jpg,1,True
./archive/data/test/malignant/1499.jpg,1,True
./archive/data/test/malignant/156.jpg,1,True
./archive/data/test/malignant/161.jpg,1,True
./archive/data/test/malignant/17.jpg,1,True
./archive/data/test/malignant/173.jpg,1,True
./archive/data/test/malignant/179.jpg,1,True
./archive/data/test/malignant/182.jpg,1,True
./archive/data/test/malignant/184.jpg,1,True
./archive/data/test/malignant/185.jpg,1,True
./archive/data/test/malignant/186.jpg,1,True
./archive/data/test/malignant/190.jpg,1,True
./archive/data/test/malignant/193.jpg,1,True
./archive/data/test/malignant/195.jpg,1,True
./archive/data/test/malignant/196.jpg,1,True
./archive/data/test/malignant/200.jpg,1,True
./archive/data/test/malignant/208.jpg,1,True
./archive/data/test/malignant/231.jpg,1,True
./archive/data/test/malignant/232.jpg,1,True
./archive/data/test/malignant/237.jpg,1,True
./archive/data/test/malignant/238.jpg,1,True
./archive/data/test/malignant/24.jpg,1,True
./archive/data/test/malignant/247.jpg,1,True
./archive/data/test/malignant/256.jpg,1,True
./archive/data/test/malignant/257.jpg,1,True
./archive/data/test/malignant/258.jpg,1,True
./archive/data/test/malignant/260.jpg,1,True
./archive/data/test/malignant/275.jpg,1,True
./archive/data/test/malignant/276.jpg,1,True
./archive/data/test/malignant/3.jpg,1,True
./archive/data/test/malignant/303.jpg,1,True
./archive/data/test/malignant/307.jpg,1,True
./archive/data/test/malignant/310.jpg,1,True
./archive/data/test/malignant/317.jpg,1,True
./archive/data/test/malignant/318.jpg,1,True
./archive/data/test/malignant/322.jpg,1,True
./archive/data/test/malignant/33.jpg,1,True
./archive/data/test/malignant/338.jpg,1,True
./archive/data/test/malignant/342.jpg,1,True
./archive/data/test/malignant/343.jpg,1,True
./archive/data/test/malignant/348.jpg,1,True
./archive/data/test/malignant/355.jpg,1,True
./archive/data/test/malignant/356.jpg,1,True
./archive/data/test/malignant/360.jpg,1,True
./archive/data/test/malignant/364.jpg,1,True
./archive/data/test/malignant/375.jpg,1,True
./archive/data/test/malignant/381.jpg,1,True
./archive/data/test/malignant/382.jpg,1,True
./archive/data/test/malignant/384.jpg,1,True
./archive/data/test/malignant/389.jpg,1,True
./archive/data/test/malignant/39.jpg,1,True
./archive/data/test/malignant/390.jpg,1,True
./archive/data/test/malignant/394.jpg,1,True
./archive/data/test/malignant/399.jpg,1,True
./archive/data/test/malignant/4.jpg,1,True
./archive/data/test/malignant/402.jpg,1,True
./archive/data/test/malignant/405.jpg,1,True
./archive/data/test/malignant/407.jpg,1,True
./archive/data/test/malignant/409.jpg,1,True
./archive/data/test/malignant/419.jpg,1,True
./archive/data/test/malignant/421.jpg,1,True
./archive/data/test/malignant/424.jpg,1,True
./archive/data/test/malignant/426.jpg,1,True
./archive/data/test/malignant/428.jpg,1,True
./archive/data/test/malignant/430.jpg,1,True
./archive/data/test/malignant/436.jpg,1,True
./archive/data/test/malignant/437.jpg,1,True
./archive/data/test/malignant/44.jpg,1,True
./archive/data/test/malignant/445.jpg,1,True
./archive/data/test/malignant/450.jpg,1,True
./archive/data/test/malignant/459.jpg,1,True
./archive/data/test/malignant/46.jpg,1,True
./archive/data/test/malignant/463.jpg,1,True
./archive/data/test/malignant/474.jpg,1,True
./archive/data/test/malignant/479.jpg,1,True
./archive/data/test/malignant/483.jpg,1,True
./archive/data/test/malignant/501.jpg,1,True
./archive/data/test/malignant/504.jpg,1,True
./archive/data/test/malignant/507.jpg,1,True
./archive/data/test/malignant/508.jpg,1,True
./archive/data/test/malignant/511.jpg,1,True
./archive/data/test/malignant/519.jpg,1,True
./archive/data/test/malignant/52.jpg,1,True
./archive/data/test/malignant/528.jpg,1,True
./archive/data/test/malignant/536.jpg,1,True
./archive/data/test/malignant/54.jpg,1,True
./archive/data/test/malignant/546.jpg,1,True
./archive/data/test/malignant/554.jpg,1,True
./archive/data/test/malignant/556.jpg,1,True
./archive/data/test/malignant/562.jpg,1,True
./archive/data/test/malignant/568.jpg,1,True
./archive/data/test/malignant/57.jpg,1,True
./archive/data/test/malignant/570.jpg,1,True
./archive/data/test/malignant/572.jpg,1,True
./archive/data/test/malignant/573.jpg,1,True
./archive/data/test/malignant/575.jpg,1,True
./archive/data/test/malignant/58.jpg,1,True
./archive/data/test/malignant/590.jpg,1,True
./archive/data/test/malignant/592.jpg,1,True
./archive/data/test/malignant/593.jpg,1,True
./archive/data/test/malignant/596.jpg,1,True
./archive/data/test/malignant/602.jpg,1,True
./archive/data/test/malignant/603.jpg,1,True
./archive/data/test/malignant/614.jpg,1,True
./archive/data/test/malignant/615.jpg,1,True
./archive/data/test/malignant/619.jpg,1,True
./archive/data/test/malignant/62.jpg,1,True
./archive/data/test/malignant/628.jpg,1,True
./archive/data/test/malignant/638.jpg,1,True
./archive/data/test/malignant/641.jpg,1,True
./archive/data/test/malignant/643.jpg,1,True
./archive/data/test/malignant/65.jpg,1,True
./archive/data/test/malignant/653.jpg,1,True
./archive/data/test/malignant/658.jpg,1,True
./archive/data/test/malignant/66.jpg,1,True
./archive/data/test/malignant/660.jpg,1,True
./archive/data/test/malignant/667.jpg,1,True
./archive/data/test/malignant/670.jpg,1,True
./archive/data/test/malignant/674.jpg,1,True
./archive/data/test/malignant/679.jpg,1,True
./archive/data/test/malignant/68.jpg,1,True
./archive/data/test/malignant/686.jpg,1,True
./archive/data/test/malignant/694.jpg,1,True
./archive/data/test/malignant/696.jpg,1,True
./archive/data/test/malignant/706.jpg,1,True
./archive/data/test/malignant/709.jpg,1,True
./archive/data/test/malignant/713.jpg,1,True
./archive/data/test/malignant/73.jpg,1,True
./archive/data/test/malignant/735.jpg,1,True
./archive/data/test/malignant/739.jpg,1,True
./archive/data/test/malignant/74.jpg,1,True
./archive/data/test/malignant/744.jpg,1,True
./archive/data/test/malignant/747.jpg,1,True
./archive/data/test/malignant/749.jpg,1,True
./archive/data/test/malignant/757.jpg,1,True
./archive/data/test/malignant/759.jpg,1,True
./archive/data/test/malignant/762.jpg,1,True
./archive/data/test/malignant/763.jpg,1,True
./archive/data/test/malignant/771.jpg,1,True
./archive/data/test/malignant/773.jpg,1,True
./archive/data/test/malignant/778.jpg,1,True
./archive/data/test/malignant/792.jpg,1,True
./archive/data/test/malignant/794.jpg,1,True
./archive/data/test/malignant/797.jpg,1,True
./archive/data/test/malignant/8.jpg,1,True
./archive/data/test/malignant/804.jpg,1,True
./archive/data/test/malignant/808.jpg,1,True
./archive/data/test/malignant/81.jpg,1,True
./archive/data/test/malignant/817.jpg,1,True
./archive/data/test/malignant/822.jpg,1,True
./archive/data/test/malignant/826.jpg,1,True
./archive/data/test/malignant/832.jpg,1,True
./archive/data/test/malignant/836.jpg,1,True
./archive/data/test/malignant/838.jpg,1,True
./archive/data/test/malignant/839.jpg,1,True
./archive/data/test/malignant/85.jpg,1,True
./archive/data/test/malignant/852.jpg,1,True
./archive/data/test/malignant/859.jpg,1,True
./archive/data/test/malignant/864.jpg,1,True
./archive/data/test/malignant/866.jpg,1,True
./archive/data/test/malignant/868.jpg,1,True
./archive/data/test/malignant/87.jpg,1,True
./archive/data/test/malignant/871.jpg,1,True
./archive/data/test/malignant/874.jpg,1,True
./archive/data/test/malignant/881.jpg,1,True
./archive/data/test/malignant/887.jpg,1,True
./archive/data/test/malignant/893.jpg,1,True
./archive/data/test/malignant/894.jpg,1,True
./archive/data/test/malignant/905.jpg,1,True
./archive/data/test/malignant/91.jpg,1,True
./archive/data/test/malignant/92.jpg,1,True
./archive/data/test/malignant/927.jpg,1,True
./archive/data/test/malignant/93.jpg,1,True
./archive/data/test/malignant/934.jpg,1,True
./archive/data/test/malignant/937.jpg,1,True
./archive/data/test/malignant/940.jpg,1,True
./archive/data/test/malignant/947.jpg,1,True
./archive/data/test/malignant/948.jpg,1,True
./archive/data/test/malignant/949.jpg,1,True
./archive/data/test/malignant/953.jpg,1,True
./archive/data/test/malignant/985.jpg,1,True
./archive/data/test/malignant/992.jpg,1,True
./archive/data/test/malignant/994.jpg,1,True
./archive/data/test/malignant/995.jpg,1,True
